,TotalT,Temp,LSR,CA,Size,IsoT,HeatT,Ramp,F_X,Ro,logRo,P,Yield,ID,Source,NN Err
1405,150.0,388.15,10.0,1.0195862518989796,0.5,120.0,30.0,3.0,19.77272727272727,331.76964751746783,5.804440895324419,9.537229998829538,64.73563218390804,45,PrehydrolysisOfEucalyptusWoodWithDiluteSulphuricAcidAutoclave.xlsx,2.7454664734588192
1406,226.0,398.15,12.0,0.06729269262533262,0.9,216.0,10.0,10.0,19.34090909090909,1176.3758313945034,7.0701936619214525,45.62515230074146,48.3,43,optimizing_xylose_production_from_pinewood_sawdust_through_dilute_phosphoric_acid_hydrolysis.xlsx,3.767199707031253
1407,35.92203811219561,398.15,8.0,0.2039359641072704,8.0,23.422038112195626,12.5,8.0,18.863636363636367,127.56073869068464,4.848592633052376,4.9473798891791505,81.74058705623537,20,Generation of xylose solutions from Eucalyptus globulus wood.xlsx,0.6354234820166198
1408,180.3333333333,413.15,5.0,0.08156690015191835,0.38,180.0,0.333333,5.75,22.38636363636364,2710.3180203459906,7.90482125766987,150.74966888384418,61.1979695431472,46,prehydrolysis_of_hardwoods_with_dilute_sulfuric_acid.xlsx,10.78080548126686
1409,36.95,448.15,8.0,0.0,8.0,18.2,18.75,8.0,18.863636363636367,2940.007339607108,7.9861673567946125,264.969046397559,9.287710843373493,34,MildAutohydrolysisAnEnvironmentallyFriendlyTechnologXyl.xlsx,6.345935044575885
1410,90.0,433.15,4.5,0.21725,4.0,90.0,0.0,0.0,17.2386,5258.527273489599,8.567606280499756,407.77290098149786,14.395286868553855,47,pretreatment_of_hardwood_chips_via_autohydrolysis_supported_by_acetic_and_formic_acid.xlsx,49.30125396396568
1411,41.42857142857143,483.15,15.0,0.0,0.59,15.0,26.42857142857143,7.0,15.0,25995.463467126898,10.165677319746278,2510.0379461635885,32.2,37,OptimizationofHydrothermalACS.xlsx,16.41878204345703
1412,215.0,403.15,10.0,1.0195862518989796,0.5,180.0,35.0,3.0,19.77272727272727,1375.8887376733105,7.226855155974955,60.866804432334796,56.137931034482776,45,PrehydrolysisOfEucalyptusWoodWithDiluteSulphuricAcidAutoclave.xlsx,8.599121882997693
1413,330.0,388.15,10.0,1.2235035022787752,0.5,300.0,30.0,3.0,19.77272727272727,829.4241187936694,6.720731627198575,23.843074997073842,62.20689655172415,45,PrehydrolysisOfEucalyptusWoodWithDiluteSulphuricAcidAutoclave.xlsx,1.43003200662546
1414,98.9733656309164,453.15,40.0,0.0,0.425,95.20547945205459,3.767886178861788,41.137123745819395,20.9,21585.267719987627,9.979766310969767,2010.5283496955176,72.3786135686708,8,DegradationKineticsOfTheMainCarbohydratesInBirchWoodDuringHotWaterExtractionInABatchReactor.xlsx,6.683552838690332
1415,20.0,433.15,6.0,0.5,0.5,20.0,0.0,0.0,14.64,1168.561616331022,7.063528883723482,90.61620021811063,66.00000000000001,39,optimization_of_acid_hydrolysis_from_the_hemicellulosic_fraction_of_eucalyptus.xlsx,2.121307373046889
1416,10.0,483.15,8.0,8.51e-06,0.509,10.0,0.0,0.0,21.375,17330.308978084602,9.760212211638112,1673.3586307757255,28.71153641679958,53,SequentialFentonOxidationAndHydrothermalTreatmentToImproveTheEffectOfPretreatment.xlsx,14.098808279245343
1417,110.3333333333,413.15,5.0,0.08156690015191835,0.38,110.0,0.333333,5.75,22.38636363636364,1656.3054568781054,7.412344772572077,92.12479765123811,61.1979695431472,46,prehydrolysis_of_hardwoods_with_dilute_sulfuric_acid.xlsx,17.512487518000718
1418,19.470854293179396,408.15,8.0,0.3059039461609055,8.0,5.7208542931794,13.75,8.0,18.863636363636367,61.37481072051444,4.1169995021264585,3.0613951077456205,81.59615147210685,20,Generation of xylose solutions from Eucalyptus globulus wood.xlsx,1.1792126903685727
1419,20.577688654410238,388.15,8.0,0.10196798205363516,8.0,9.32768865441024,11.25,8.0,18.863636363636367,25.788699808553076,3.2499364040645484,0.7413359337881938,82.58487159642941,20,Generation of xylose solutions from Eucalyptus globulus wood.xlsx,0.7008415993713726
1420,735.58,373.73,10.0,2.039172503797959,0.5,660.0,75.58,1.0,19.77272727272727,686.4695500827597,6.531561868918779,11.685409930663726,95.08045977011496,44,PrehydrolysisOfEucalyptusWoodWithDiluteSulphuricAcidAtmostpheric.xlsx,19.4394304122048
1421,50.0,443.15,4.0,0.2,0.509,50.0,0.0,0.0,17.920454545454547,5754.777839054121,8.657785717292553,497.65037987544576,78.97121116043121,3,BioethanolProductionFromOxalicAcidPretreatedBiomassAndHemicellulose-richHydrolysates.xlsx,13.150562967071835
1422,103.787535289435,408.15,8.0,0.3059039461609055,8.0,90.037535289435,13.75,8.0,18.863636363636367,965.9460638106173,6.873107998089132,48.18169733446595,64.19919008484895,20,Generation of xylose solutions from Eucalyptus globulus wood.xlsx,0.5001659942526118
1423,100.0,423.15,3.7,0.0,2.0,93.0,7.0,16.1,15.48,2758.465984912705,7.922430001627831,184.8103565821256,1.2661498708010337,21,HemicelluloseExtractionOfMixedSouthernHardwood.xlsx,7.721309311938224
1424,87.97823092237759,398.15,8.0,0.2039359641072704,8.0,75.47823092237759,12.5,8.0,18.863636363636367,411.06836413656606,6.01875953676262,15.943082320481533,82.16238122348642,20,Generation of xylose solutions from Eucalyptus globulus wood.xlsx,3.903431943701264
1425,120.0,423.15,4.0,0.0,10.35,60.0,60.0,2.083333333333333,20.47,1779.6554741372292,7.484175070696675,119.23248811750038,4.7874938935026865,22,HemicelluloseRemovalFromHardwood.xlsx,26.262982180716065
1426,90.0,443.15,4.0,0.0,10.35,30.0,60.0,2.4166666666666665,20.47,3452.866703432473,8.146960093526562,298.59022792526747,19.3209574987787,22,HemicelluloseRemovalFromHardwood.xlsx,12.983367604981066
1427,67.4150141643059,448.15,20.0,0.10195862518989794,0.5,22.415014164305898,45.0,3.333333333333333,16.994318181818183,3620.8959428822322,8.194476772230997,326.3343367090062,44.20545307857361,31,kinetic_characterization_of_biomass_dilute_sulfuric_acid_hydrolysis_mixtures_of_hardwoods_softwood_and_switchgrass.xlsx,11.793984572714237
1428,108.90445285308279,408.15,8.0,0.2039359641072704,8.0,95.15445285308279,13.75,8.0,18.863636363636367,1020.8416844377288,6.928382746825105,50.919908376611396,70.43755210515387,20,Generation of xylose solutions from Eucalyptus globulus wood.xlsx,6.9827104913843385
1429,22.188865743851622,408.15,8.0,0.10196798205363516,8.0,8.43886574385162,13.75,8.0,18.863636363636367,90.53434350569373,4.505729264969943,4.51588189091802,82.02477470871514,20,Generation of xylose solutions from Eucalyptus globulus wood.xlsx,0.8401204728752987
1430,121.8943179527302,408.15,8.0,0.3059039461609055,8.0,108.1443179527302,13.75,8.0,18.863636363636367,1160.2003310521663,7.056347968372525,57.871162058032354,60.356792261209634,20,Generation of xylose solutions from Eucalyptus globulus wood.xlsx,0.6671716670130223
1431,42.85714285714286,493.15,15.0,0.0,0.325,15.0,27.857142857142854,7.0,25.4,51207.609418581415,10.843643421441193,4731.757532415202,1.8307086614173234,38,OptimizationOfHydrothermalCHEMPUP.xlsx,3.7690552088219347
1432,35.31220349990612,398.15,8.0,0.10196798205363516,8.0,22.812203499906122,12.5,8.0,18.863636363636367,124.2394669358457,4.822210888231143,4.8185660138829824,81.66810177093943,20,Generation of xylose solutions from Eucalyptus globulus wood.xlsx,0.5436129403730234
1433,0.0,403.15,8.0,0.4052315391706937,0.5,0.0,0.0,103.20114667940756,33.20454545454545,0.0,0.0,0.0,0.0,10,DesignOfProcessParametersForProudctionOfXylose.xlsx,3.2352890968322754
1434,42.988560526231716,408.15,8.0,0.2039359641072704,8.0,29.23856052623172,13.75,8.0,18.863636363636367,313.6788713841663,5.748369759992926,15.646402017133674,79.75102940740807,20,Generation of xylose solutions from Eucalyptus globulus wood.xlsx,0.5765081292130247
1435,180.0,413.15,6.0,0.0,4.0,150.0,30.0,3.8333333333333335,11.932,2258.598350288325,7.722499700875916,125.62472406987015,28.059001005698963,6,combined_autohydrolysis_and_alkali_pretreatments_for_cellulose_enzymatic_hydrolysis_of_eucalyptus_grandis_wood.xlsx,2.618697203208729
1436,9.4375,373.65,8.0,0.3059039461609055,8.0,0.0,9.4375,8.0,18.863636363636367,0.0,0.0,0.0,82.02858067882235,20,Generation of xylose solutions from Eucalyptus globulus wood.xlsx,1.112107290150476
1437,0.0,413.15,6.0,0.0,4.0,0.0,0.0,0.0,11.932,0.0,0.0,0.0,0.0,6,combined_autohydrolysis_and_alkali_pretreatments_for_cellulose_enzymatic_hydrolysis_of_eucalyptus_grandis_wood.xlsx,2.819636106491089
1438,18.75,448.15,8.0,0.0,8.0,0.0,18.75,8.0,18.863636363636367,0.0,0.0,0.0,0.6106987951807229,34,MildAutohydrolysisAnEnvironmentallyFriendlyTechnologXyl.xlsx,2.251537704605654
1439,97.0,422.422727272727,7.69,0.0,5.0,30.0,67.0,2.2058823529411766,14.5,847.0174228902936,6.741721264558902,56.06245316567738,0.0,60,UtilizationOfHardwoodinBiorefineryAKineticInterpretationofPilot-ScaleHot-WaterPretreatment.xlsx,3.5525479316711426
1440,375.4,373.55,10.0,1.631338003038367,0.5,300.0,75.4,1.0,19.77272727272727,308.2469103269545,5.730901118724001,5.209099462196844,74.3448275862069,44,PrehydrolysisOfEucalyptusWoodWithDiluteSulphuricAcidAtmostpheric.xlsx,3.7778033552498727
1441,255.0,418.15,8.0,0.0,8.0,240.0,15.0,8.0,18.863636363636367,5071.979128012533,8.531486380969111,311.22066093511563,15.140240963855419,34,MildAutohydrolysisAnEnvironmentallyFriendlyTechnologXyl.xlsx,7.359232607921925
1442,585.0,413.15,5.66666666666667,0.0,2.0,570.0,15.0,0.0,19.318181818181817,8582.673731095636,9.057500767608257,477.3739514655066,59.21331579882153,54,SeverityFactorCoefficientsforSubcriticalLiquidHotWaterPretreatment.xlsx,1.034639523444092
1443,29.43225466817265,513.15,40.0,0.0,0.425,24.205831903944997,5.2264227642276415,41.137123745819395,20.9,320654.3451729434,12.678119015624885,25196.56128696171,0.8254289138539426,8,DegradationKineticsOfTheMainCarbohydratesInBirchWoodDuringHotWaterExtractionInABatchReactor.xlsx,2.596951533533753
1444,30.0,403.15,8.0,0.10195862518989794,8.0,30.0,0.0,0.0,19.43,229.3147896122184,5.435095686746902,10.144467405389133,11.05366584007861,41,optimization_of_furfural_production_by_acid_hydrolysis_of_eucalyptus_globulus_in_two_stages.xlsx,71.08521202857374
1445,72.8328611898017,448.15,20.0,0.10195862518989794,0.5,27.832861189801697,45.0,3.333333333333333,16.994318181818183,4496.088801114441,8.41096314251603,405.211356482274,65.03302231751684,31,kinetic_characterization_of_biomass_dilute_sulfuric_acid_hydrolysis_mixtures_of_hardwoods_softwood_and_switchgrass.xlsx,14.092496481311287
1446,34.99092560121981,408.15,8.0,0.4078719282145407,8.0,21.240925601219818,13.75,8.0,18.863636363636367,227.8781667027705,5.428811129568294,11.366635538522686,79.67075888107884,20,Generation of xylose solutions from Eucalyptus globulus wood.xlsx,0.26726309250462066
1447,108.20004674052,388.15,8.0,0.10196798205363516,8.0,96.95004674052,11.25,8.0,18.863636363636367,268.04235694920294,5.591145016340459,7.705290784680108,82.8191570564547,20,Generation of xylose solutions from Eucalyptus globulus wood.xlsx,0.6006206795015743
1448,102.459618208517,448.15,20.0,0.10195862518989794,0.5,57.459618208517,45.0,3.333333333333333,18.744318181818183,9281.961498025395,9.135828171766812,836.5395737955258,30.76447130848194,31,kinetic_characterization_of_biomass_dilute_sulfuric_acid_hydrolysis_mixtures_of_hardwoods_softwood_and_switchgrass.xlsx,10.347034708750495
1449,60.0,403.15,8.0,0.4052315391706937,0.5,58.982569444444465,1.0174305555555554,103.20114667940756,33.20454545454545,450.8525167646948,6.111140272196487,19.944891773842254,36.13963039014374,10,DesignOfProcessParametersForProudctionOfXylose.xlsx,5.060574604010931
1450,168.04505019878,398.15,8.0,0.2039359641072704,8.0,155.54505019878,12.5,8.0,18.863636363636367,847.1270266059703,6.741850655787451,32.8554009488232,74.52009299200601,20,Generation of xylose solutions from Eucalyptus globulus wood.xlsx,3.569735499204924
1451,6.851355013550132,493.15,40.0,0.0,0.425,2.1111111111111103,4.740243902439024,41.137123745819395,20.9,7206.996881133678,8.882807622169203,665.9510601176949,93.67478697947195,8,DegradationKineticsOfTheMainCarbohydratesInBirchWoodDuringHotWaterExtractionInABatchReactor.xlsx,15.581616813456321
1452,155.0667817074502,373.65,8.0,0.10196798205363516,8.0,145.6292817074502,9.4375,8.0,18.863636363636367,150.65049197535697,5.014962531255392,2.556173586890965,90.55774965947542,20,Generation of xylose solutions from Eucalyptus globulus wood.xlsx,6.343584925588701
1453,60.0,398.15,8.0,0.8104630783413873,0.5,59.03101851851852,0.9689814814814814,103.20114667940756,33.204545454545496,321.4938124434563,5.772978297593423,12.468977825811558,40.958247775496176,48,ProductionOfXyloseFromMerantiWood.xlsx,1.370650882185629
1454,30.0,443.15,8.0,0.40783450075959177,8.0,30.0,0.0,0.0,19.43,3452.866703432473,8.146960093526562,298.59022792526747,64.85986992935011,41,optimization_of_furfural_production_by_acid_hydrolysis_of_eucalyptus_globulus_in_two_stages.xlsx,26.604624720609877
1455,97.89856067732799,408.15,8.0,0.10196798205363516,8.0,84.14856067732799,13.75,8.0,18.863636363636367,902.7676146431744,6.80546517217233,45.0303361664955,76.70708438916243,20,Generation of xylose solutions from Eucalyptus globulus wood.xlsx,2.141380043459307
1456,34.8,473.15,5.66666666666667,0.0,2.0,19.8,15.0,4.0,19.318181818181817,17419.454836446334,9.765342954649643,1711.0919103279143,47.572858722083815,54,SeverityFactorCoefficientsforSubcriticalLiquidHotWaterPretreatment.xlsx,17.008211224205247
1457,20.0468690702087,433.15,10.0,0.10195862518989796,0.5,17.5468690702087,2.5,54.0,20.909,1025.2298841115946,6.932672143608185,79.50153004335024,19.239420338045672,55,sugar_yields_from_dilute_oxalic_acid_pretreatment_of_maple_wood.xlsx,4.649839000333234
1458,204.21503571809018,373.65,8.0,0.3059039461609055,8.0,194.77753571809018,9.4375,8.0,18.863636363636367,201.49334829944976,5.3057563699210215,3.4188535868938685,84.09801361296483,20,Generation of xylose solutions from Eucalyptus globulus wood.xlsx,6.409674379566397
1459,82.0,417.87727272727204,7.69,0.0,5.0,15.0,67.0,2.2058823529411766,14.5,311.19124974956515,5.740407674137603,18.99804329223405,0.0,60,UtilizationOfHardwoodinBiorefineryAKineticInterpretationofPilot-ScaleHot-WaterPretreatment.xlsx,3.873322010040283
1460,218.1923216741092,373.65,8.0,0.10196798205363516,8.0,208.7548216741092,9.4375,8.0,18.863636363636367,215.952562690032,5.375058766389004,3.664191397794916,87.8016512857296,20,Generation of xylose solutions from Eucalyptus globulus wood.xlsx,4.08244352205773
1461,85.83329407435659,408.15,8.0,0.4078719282145407,8.0,72.08329407435659,13.75,8.0,18.863636363636367,773.3283008447495,6.6507036684427305,38.573861965427255,68.05483845626718,20,Generation of xylose solutions from Eucalyptus globulus wood.xlsx,2.044180192107021
1462,216.45974289580502,388.15,8.0,0.4078719282145407,8.0,205.20974289580502,11.25,8.0,18.863636363636367,567.3530338974285,6.340981744710898,16.3094376333164,73.46689919194718,20,Generation of xylose solutions from Eucalyptus globulus wood.xlsx,1.0155289526893654
1463,60.0,453.15,6.0,0.0,0.42,60.0,0.0,0.0,24.88636363636364,13603.377354467051,9.518073375781425,1267.0667872901276,34.966278109943055,51,research_on_the_dissolution_of_pentosans_during_eucalyptus_hydrolysate_pretreatment.xlsx,26.714097056781434
1464,285.0,433.15,4.76,0.0,5.0,107.8125,177.1875,0.7619047619047619,21.59,6299.2774630344165,8.74819021739517,488.4779543007528,19.43653491990905,24,HotWaterPretreatment.xlsx,1.3923054124627612
1465,390.0,388.15,10.0,0.8156690015191835,0.5,360.0,30.0,3.0,19.77272727272727,995.3089425524034,6.903053183992529,28.61168999648861,62.20689655172415,45,PrehydrolysisOfEucalyptusWoodWithDiluteSulphuricAcidAutoclave.xlsx,1.7331035219389932
1466,675.4,373.55,10.0,1.631338003038367,0.5,600.0,75.4,1.0,19.77272727272727,616.4938206539091,6.424048299283945,10.418198924393687,84.45977011494256,44,PrehydrolysisOfEucalyptusWoodWithDiluteSulphuricAcidAtmostpheric.xlsx,0.034614475294119984
1467,229.31046152475517,373.65,8.0,0.3059039461609055,8.0,219.87296152475517,9.4375,8.0,18.863636363636367,227.45404933277595,5.4269482370352735,3.859343740018734,83.49272318430927,20,Generation of xylose solutions from Eucalyptus globulus wood.xlsx,5.704118447981145
1468,126.0,423.15,20.0,0.0,1.625,125.48090277777777,0.5190972222222222,28.896321070234126,18.6,3721.879592135894,8.22198408636615,249.35667082374349,53.08602150537635,23,HemicellulosesFromStonePineHolmOakAndNorwaySpruceWithSubcriticalWaterExtraction.xlsx,16.97354880712365
1469,66.0273605698159,408.15,8.0,0.10196798205363516,8.0,52.277360569815905,13.75,8.0,18.863636363636367,560.8451020620881,6.329444756990941,27.97513233034014,78.89772659783031,20,Generation of xylose solutions from Eucalyptus globulus wood.xlsx,0.2840638781037512
1470,90.0,433.15,4.5,0.33129196199736394,4.0,90.0,0.0,0.0,17.2386,5258.527273489599,8.567606280499756,407.77290098149786,17.068916324565507,47,pretreatment_of_hardwood_chips_via_autohydrolysis_supported_by_acetic_and_formic_acid.xlsx,20.898525234272384
1471,60.0,433.15,5.0,0.0,13.375,20.0,40.0,2.0,16.81818181818182,1168.561616331022,7.063528883723482,90.61620021811063,10.151434594559078,59,UnderstandingofpHValueAndItsEffectOnAutohydrolysisPretreatmentPriorToPoplar.xlsx,7.362839633392696
1472,12.5,473.15,15.0,0.0,0.335,10.0,2.5,70.0,17.045454545454547,8797.704462851685,9.082246109943195,864.1878334989467,81.01314469467094,28,KineticsOfTheHydrolysisOfXylanBasedOnEtherBondCleavageInSubcriticalWater.xlsx,15.703108989104535
1473,60.0,463.15,6.0,0.0,0.42,60.0,0.0,0.0,24.88636363636364,26796.846119786227,10.196039477476338,2602.471310024277,7.372355614762268,30,kinetics_of_polysaccharide_hydrolysis_in_the_acid_catalysed_delignification_of_eucalyptus_globulus_wood_by_acetic_acid.xlsx,27.533329810042417
1474,330.0,388.15,10.0,0.40783450075959177,0.5,300.0,30.0,3.0,19.77272727272727,829.4241187936694,6.720731627198575,23.843074997073842,63.21839080459771,45,PrehydrolysisOfEucalyptusWoodWithDiluteSulphuricAcidAutoclave.xlsx,2.5262381016522895
1475,60.0,413.15,9.0,0.13254621274686734,0.5,60.0,0.0,0.0,14.64,903.4393401153302,6.806208969001761,50.24988962794807,34.698972523666605,17,evaluation_of_the_kinetics.xlsx,11.016156971908792
1476,74.73324195066161,408.15,8.0,0.3059039461609055,8.0,60.98324195066162,13.75,8.0,18.863636363636367,654.2440586727631,6.483480460242179,32.6339020353666,70.0362665503055,20,Generation of xylose solutions from Eucalyptus globulus wood.xlsx,1.2604868261844047
1477,60.1141323619072,433.15,6.0,0.0,5.0,60.1141323619072,55.0,2.4545454545454546,21.59090909090909,3512.3533838583644,8.164041571520523,272.3657127022294,29.60233049888836,9,degradation_and_redeposition_of_the_chemical_components_of_aspen_wood_during_hot_water_extraction.xlsx,8.098351769640313
1478,6.0,448.15,19.0,0.10195862518989794,0.84,6.0,0.0,0.0,16.59,969.2331888814642,6.8765052319399205,87.35243287831615,92.99658711764256,32,kinetic_characterization_of_xylose_monomer_and_oligomer_concentrations_during_dilute_acid_pretreatment.xlsx,5.700627644986312
1479,45.0,403.15,8.0,0.2548965629747449,8.0,45.0,0.0,0.0,19.43,343.97218441832763,5.840560794855065,15.216701108083699,39.30192298694613,41,optimization_of_furfural_production_by_acid_hydrolysis_of_eucalyptus_globulus_in_two_stages.xlsx,38.27378349498746
1480,50.0,433.15,9.0,0.13254621274686734,0.5,50.0,0.0,0.0,14.64,2921.404040827555,7.979819615597638,226.54050054527664,73.77049180327869,17,evaluation_of_the_kinetics.xlsx,2.4758674746654066
1481,60.0,373.15,10.0,0.20261576958534688,0.5125,55.0,5.0,15.0,16.3,55.0,4.007333185232471,0.9144878318451528,74.04907975460122,36,MonomericCarbohydratesProductionFromOliveTreePruningBiomassModeling.xlsx,25.384857037316067
1482,29.923883626522255,388.15,8.0,0.4078719282145407,8.0,18.67388362652226,11.25,8.0,18.863636363636367,51.62856490461253,3.944075102739464,1.4841426926459984,82.36795920867425,20,Generation of xylose solutions from Eucalyptus globulus wood.xlsx,2.1613933517406565
1483,30.486976212874602,408.15,8.0,0.10196798205363516,8.0,16.7369762128746,13.75,8.0,18.863636363636367,179.5586278650076,5.1905017722327615,8.956441550632992,82.00110536452429,20,Generation of xylose solutions from Eucalyptus globulus wood.xlsx,1.8850393855203862
1484,17.5,493.15,15.0,0.0,0.335,15.0,2.5,78.0,17.045454545454547,51207.609418581415,10.843643421441193,4731.757532415202,13.631345399118198,28,KineticsOfTheHydrolysisOfXylanBasedOnEtherBondCleavageInSubcriticalWater.xlsx,4.441974989675748
1485,9.4375,373.65,8.0,0.4078719282145407,8.0,0.0,9.4375,8.0,18.863636363636367,0.0,0.0,0.0,82.47780977212844,20,Generation of xylose solutions from Eucalyptus globulus wood.xlsx,2.2231176944917195
1486,155.0,403.15,10.0,0.8156690015191835,0.5,120.0,35.0,3.0,19.77272727272727,917.2591584488736,6.821390047866792,40.57786962155653,63.72413793103449,45,PrehydrolysisOfEucalyptusWoodWithDiluteSulphuricAcidAutoclave.xlsx,2.2400878380084777
1487,88.6016141392852,408.15,8.0,0.2039359641072704,8.0,74.8516141392852,13.75,8.0,18.863636363636367,803.027557510203,6.688389031552429,40.05527034765973,73.45713588459881,20,Generation of xylose solutions from Eucalyptus globulus wood.xlsx,2.791738240555844
1488,14.803455077734359,408.15,8.0,0.3059039461609055,8.0,1.05345507773436,13.75,8.0,18.863636363636367,11.301739685206769,2.4249566683116033,0.5637343753101278,82.73080739017216,20,Generation of xylose solutions from Eucalyptus globulus wood.xlsx,2.48660573001591
1489,40.625,463.15,8.0,0.0,8.0,20.0,20.625,8.0,18.863636363636367,8932.282039928741,9.097427188808227,867.4904366747589,35.072771084337354,34,MildAutohydrolysisAnEnvironmentallyFriendlyTechnologXyl.xlsx,1.1286334871958488
1490,10.0,403.15,8.0,0.4052315391706937,0.5,8.982569444444444,1.0174305555555554,103.20114667940756,33.20454545454545,68.66120074433064,4.22918427614244,3.037446098193701,19.756331279945247,10,DesignOfProcessParametersForProudctionOfXylose.xlsx,12.100776985359065
1491,675.58,373.73,10.0,2.039172503797959,0.5,600.0,75.58,1.0,19.77272727272727,624.0632273479634,6.436251689114454,10.623099936967023,94.57471264367818,44,PrehydrolysisOfEucalyptusWoodWithDiluteSulphuricAcidAtmostpheric.xlsx,11.838949093873495
1492,60.0,403.15,9.0,0.13254621274686734,0.5,60.0,0.0,0.0,14.64,458.6295792244368,6.128242867306846,20.288934810778265,11.061244516278009,17,evaluation_of_the_kinetics.xlsx,7.973650426959296
1493,55.643823804355975,388.15,8.0,0.10196798205363516,8.0,44.393823804355975,11.25,8.0,18.863636363636367,122.73769396269795,4.810049508799267,3.5282842345804712,82.93929056856915,20,Generation of xylose solutions from Eucalyptus globulus wood.xlsx,1.1991172287253988
1494,35.36009225922592,373.65,8.0,0.2039359641072704,8.0,25.922592259225922,9.4375,8.0,18.863636363636367,26.81638768894085,3.289013181569153,0.4550090810026126,82.97385928841545,20,Generation of xylose solutions from Eucalyptus globulus wood.xlsx,0.5076422473998292
1495,10.0,443.15,20.0,0.1529379377848469,5.0,10.0,0.0,0.0,15.4,1150.9555678108245,7.0483478048584525,99.53007597508915,54.09090909090909,16,enzymatic_saccharification_of_dilute_acid_pretreated_eucalyptus_chips_for_fermentable_sugar_production.xlsx,25.09447756680575
1496,12.0,448.15,9.0,0.15293793778484693,0.84,8.0,4.0,75.0,16.59090909090909,1292.310918508619,7.1641873043917,116.46991050442156,93.22730027882166,13,effects_of_dilute_acid_pretreatment_conditions_on_enzymatic_hydrolysis_monomer_and_oligomer_sugar_yields.xlsx,1.8617607280404087
1497,103.31617811412279,408.15,8.0,0.2039359641072704,8.0,89.56617811412279,13.75,8.0,18.863636363636367,960.8892216094388,6.867859128246057,47.929460434773894,71.76941274052996,20,Generation of xylose solutions from Eucalyptus globulus wood.xlsx,6.492908223928396
1498,91.4156531777364,448.15,20.0,0.10195862518989794,0.5,46.415653177736395,45.0,3.333333333333333,16.59090909090909,7497.931923912252,8.922382518021813,675.7533714519035,42.76855959338232,31,kinetic_characterization_of_biomass_dilute_sulfuric_acid_hydrolysis_mixtures_of_hardwoods_softwood_and_switchgrass.xlsx,10.450926643189945
1499,177.2891156462582,398.15,8.0,0.4078719282145407,8.0,164.78911564625818,12.5,8.0,18.863636363636367,897.4719116811667,6.799581823695725,34.80800230956031,67.77591212361465,20,Generation of xylose solutions from Eucalyptus globulus wood.xlsx,7.488848524981833
1500,1.2533333333,443.15,3.9,0.1631338003038367,0.38,0.92,0.333333,7.25,21.931818181818183,105.88791223859585,4.662381102925355,9.156766989708203,61.554404145077704,46,prehydrolysis_of_hardwoods_with_dilute_sulfuric_acid.xlsx,4.092881316348077
1501,0.202550503697694,453.15,6.0,0.0,5.0,0.202550503697694,55.0,2.8181818181818183,21.59090909090909,45.92284891895175,3.826962791004792,4.277416933070572,6.2194148538020615,9,degradation_and_redeposition_of_the_chemical_components_of_aspen_wood_during_hot_water_extraction.xlsx,2.72764172529254
1502,0.0,448.15,10.0,0.0,8.0,0.0,0.0,8.0,18.863636363636367,0.0,0.0,0.0,0.0,34,MildAutohydrolysisAnEnvironmentallyFriendlyTechnologXyl.xlsx,2.8781704902648926
1503,22.46153846153842,440.15,6.0,0.0,5.0,18.46153846153842,4.0,35.5,15.1,1733.7854999476722,7.458062447236386,145.65296818939134,9.632751354605569,35,ModelingXylanSolubilizationDuringAutohydrolysisOfSugarMaple.xlsx,2.3431025653773414
1504,91.72571294180858,408.15,8.0,0.10196798205363516,8.0,77.9757129418086,13.75,8.0,18.863636363636367,836.5437008781014,6.729278761594385,41.72706625435878,78.00186359198355,20,Generation of xylose solutions from Eucalyptus globulus wood.xlsx,3.354761236026519
1505,44.59588985154333,408.15,8.0,0.3059039461609055,8.0,30.845889851543337,13.75,8.0,18.863636363636367,330.92271785376545,5.801884867311842,16.506530571519626,76.21363283600083,20,Generation of xylose solutions from Eucalyptus globulus wood.xlsx,2.0803048471046424
1506,0.0,443.15,15.0,0.0,0.59,0.0,0.0,7.0,15.0,0.0,0.0,0.0,25.9,37,OptimizationofHydrothermalACS.xlsx,7.432691955566405
1507,210.0,388.15,10.0,1.0195862518989796,0.5,180.0,30.0,3.0,19.77272727272727,497.6544712762017,6.209906003432582,14.305844998244305,66.75862068965519,45,PrehydrolysisOfEucalyptusWoodWithDiluteSulphuricAcidAutoclave.xlsx,6.744483421588782
1508,188.17346938775486,398.15,8.0,0.4078719282145407,8.0,175.67346938775486,12.5,8.0,18.863636363636367,956.7501092823007,6.8635422385282245,37.10707775933314,66.56732008520169,20,Generation of xylose solutions from Eucalyptus globulus wood.xlsx,7.0223142868618424
1509,44.29850746268656,425.15,6.0,0.0,5.0,40.29850746268657,4.0,31.75,15.1,1368.8663046859745,7.221738161415014,94.72527004155552,4.59338654829921,35,ModelingXylanSolubilizationDuringAutohydrolysisOfSugarMaple.xlsx,1.7122274462991784
1510,75.4,373.55,10.0,1.631338003038367,0.5,0.0,75.4,1.0,19.77272727272727,0.0,0.0,0.0,0.0,44,PrehydrolysisOfEucalyptusWoodWithDiluteSulphuricAcidAtmostpheric.xlsx,4.105374813079834
1511,71.4895599211964,473.15,40.0,0.0,0.425,67.235494880546,4.254065040650406,41.137123745819395,20.9,59151.801337262106,10.987862322658165,5810.409665504857,31.225461606142787,8,DegradationKineticsOfTheMainCarbohydratesInBirchWoodDuringHotWaterExtractionInABatchReactor.xlsx,0.4923232754490101
1512,7.5,473.15,15.0,0.0,0.335,5.0,2.5,70.0,17.045454545454547,4398.852231425843,8.389098929383254,432.09391674947335,59.72354600950983,28,KineticsOfTheHydrolysisOfXylanBasedOnEtherBondCleavageInSubcriticalWater.xlsx,7.808779735119074
1513,0.0,423.15,5.0,0.34065,3.0,0.0,0.0,3.0,34.9,0.0,0.0,0.0,0.0,19,EXTRACTION_OF_HEMICELLULOSES_ BY_ ACID.xlsx,3.7631566524505615
1514,40.0,453.15,15.0,0.0,0.177,30.0,10.0,15.5,12.16,6801.688677233526,8.824926195221476,633.5333936450638,44.819078947368425,27,hydrothermal_treatment_of_eucalyptus_sawdust_for_a_forest_biorefinery.xlsx,2.9401536238820967
1515,8.0,433.15,9.0,0.15293793778484693,0.84,4.0,4.0,67.5,16.59090909090909,233.7123232662044,5.454090971289382,18.12324004362213,30.202147352832288,13,effects_of_dilute_acid_pretreatment_conditions_on_enzymatic_hydrolysis_monomer_and_oligomer_sugar_yields.xlsx,1.5540264727053348
1516,20.0,433.15,8.6,0.5,0.5,20.0,0.0,0.0,14.64,1168.561616331022,7.063528883723482,90.61620021811063,83.42000000000002,39,optimization_of_acid_hydrolysis_from_the_hemicellulosic_fraction_of_eucalyptus.xlsx,9.538019104003922
1517,109.86535491828941,408.15,8.0,0.3059039461609055,8.0,96.11535491828941,13.75,8.0,18.863636363636367,1031.1504913659737,6.938430439772247,51.434114949736916,62.011911013880784,20,Generation of xylose solutions from Eucalyptus globulus wood.xlsx,1.7265991179551534
1518,10.740243902439015,493.15,40.0,0.0,0.425,5.99999999999999,4.740243902439024,41.137123745819395,20.9,20483.043767432533,9.927352689567037,1892.7030129660775,80.36323280489509,8,DegradationKineticsOfTheMainCarbohydratesInBirchWoodDuringHotWaterExtractionInABatchReactor.xlsx,2.7442905441529035
1519,120.0,388.15,10.0,1.0195862518989796,0.5,90.0,30.0,3.0,19.77272727272727,248.8272356381009,5.516758822872638,7.152922499122153,65.24137931034484,45,PrehydrolysisOfEucalyptusWoodWithDiluteSulphuricAcidAutoclave.xlsx,1.7869486315496914
1520,150.0,413.15,10.0,0.0,4.0,120.0,30.0,3.8333333333333335,11.932,1806.8786802306604,7.499356149561707,100.49977925589613,17.013074086490107,6,combined_autohydrolysis_and_alkali_pretreatments_for_cellulose_enzymatic_hydrolysis_of_eucalyptus_grandis_wood.xlsx,12.014431788143682
1521,10.219765,443.15,3.0,0.04052315391706937,2.75,10.0,0.219765,318.52205765249244,15.943751237868884,1150.9555678108245,7.0483478048584525,99.53007597508915,6.115326593564969,57,TheInfluenceOfSO2AndH2S04ImpregnentOfWillow.xlsx,7.520900060487765
1522,90.8334808448716,408.15,8.0,0.4078719282145407,8.0,77.0834808448716,13.75,8.0,18.863636363636367,826.9716032049333,6.717770357317996,41.249606973531954,64.67265060005825,20,Generation of xylose solutions from Eucalyptus globulus wood.xlsx,0.9209697002347212
1523,60.0,398.15,8.0,0.4052315391706937,0.5,59.03101851851852,0.9689814814814814,103.20114667940756,33.20454545454545,321.4938124434563,5.772978297593423,12.468977825811558,36.13963039014374,10,DesignOfProcessParametersForProudctionOfXylose.xlsx,5.131615711188665
1524,60.0340305254323,423.15,6.0,0.0,5.0,60.0340305254323,55.0,2.272727272727273,21.59090909090909,1780.6648509851184,7.48474208533736,119.3001138544877,8.826443648975644,9,degradation_and_redeposition_of_the_chemical_components_of_aspen_wood_during_hot_water_extraction.xlsx,3.0175409084971285
1525,210.0,388.15,10.0,0.6117517511393876,0.5,180.0,30.0,3.0,19.77272727272727,497.6544712762017,6.209906003432582,14.305844998244305,63.21839080459771,45,PrehydrolysisOfEucalyptusWoodWithDiluteSulphuricAcidAutoclave.xlsx,4.6146170079022895
1526,100.0,423.15,5.0,0.0,2.0,95.0,5.0,25.0,12.386,2817.7878340506127,7.943707400075118,188.7847728527089,17.923461973195547,14,effect_of_liquid_to_solid_ratio_on_autohydrolysis_of_eucalyptus_globulus_wood_meal.xlsx,8.974756299977773
1527,397.76229526897896,373.65,8.0,0.10196798205363516,8.0,388.32479526897896,9.4375,8.0,18.863636363636367,401.71400124751574,5.995740395742918,6.816112619407532,86.7055691021244,20,Generation of xylose solutions from Eucalyptus globulus wood.xlsx,3.9050777691165877
1528,68.8821343962433,448.15,20.0,0.10195862518989794,0.5,23.882134396243305,45.0,3.333333333333333,17.386363636363637,3857.892879694433,8.257876427319294,347.6937569731282,48.180603897106714,31,kinetic_characterization_of_biomass_dilute_sulfuric_acid_hydrolysis_mixtures_of_hardwoods_softwood_and_switchgrass.xlsx,3.6812697296022705
1529,50.0,403.15,10.0,0.6117517511393876,0.5,15.0,35.0,3.0,19.77272727272727,114.6573948061092,4.741948506186956,5.072233702694566,60.6896551724138,45,PrehydrolysisOfEucalyptusWoodWithDiluteSulphuricAcidAutoclave.xlsx,10.28425203520677
1530,90.0,433.15,4.5,0.1656572012073768,4.0,90.0,0.0,0.0,17.2386,5258.527273489599,8.567606280499756,407.77290098149786,13.333464865947185,47,pretreatment_of_hardwood_chips_via_autohydrolysis_supported_by_acetic_and_formic_acid.xlsx,48.438542122578205
1531,1.0033333333,463.15,3.9,0.08156690015191835,0.38,0.67,0.333333,8.25,21.931818181818183,299.2314483376128,5.701217348657112,29.060929628604427,70.21761658031089,46,prehydrolysis_of_hardwoods_with_dilute_sulfuric_acid.xlsx,7.1975894196663575
1532,0.0,453.15,4.0,0.6117517511393876,3.0,0.0,0.0,0.0,12.95,0.0,0.0,0.0,0.0,2,autohydrolysis_pretreatment_of_mixed_hardwoods_to_extract_value_prior_to_combustion.xlsx,66.37531280517578
1533,20.0,433.15,3.4,0.5,0.5,20.0,0.0,0.0,14.64,1168.561616331022,7.063528883723482,90.61620021811063,35.41000000000001,39,optimization_of_acid_hydrolysis_from_the_hemicellulosic_fraction_of_eucalyptus.xlsx,21.54712661743163
1534,270.0,388.15,10.0,0.8156690015191835,0.5,240.0,30.0,3.0,19.77272727272727,663.5392950349355,6.497588075884364,19.074459997659076,64.22988505747128,45,PrehydrolysisOfEucalyptusWoodWithDiluteSulphuricAcidAutoclave.xlsx,1.32638926889706
1535,14.0,448.15,19.0,0.10195862518989794,0.84,14.0,0.0,0.0,16.59,2261.544107390083,7.723803092327121,203.82234338273773,45.3852864019561,32,kinetic_characterization_of_xylose_monomer_and_oligomer_concentrations_during_dilute_acid_pretreatment.xlsx,2.1388722173857886
1536,94.94796126631,373.65,8.0,0.4078719282145407,8.0,85.51046126630999,9.4375,8.0,18.863636363636367,88.4588106716609,4.482537027534751,1.5009315429495955,82.89681545790567,20,Generation of xylose solutions from Eucalyptus globulus wood.xlsx,2.7473174720658307
1537,75.58,373.73,10.0,2.039172503797959,0.5,0.0,75.58,1.0,19.77272727272727,0.0,0.0,0.0,0.0,44,PrehydrolysisOfEucalyptusWoodWithDiluteSulphuricAcidAtmostpheric.xlsx,30.545785903930664
1538,60.0,398.15,20.0,0.8104630783413873,0.5,59.03101851851852,0.9689814814814814,103.20114667940756,33.20454545454545,321.4938124434563,5.772978297593423,12.468977825811558,30.11635865845312,10,DesignOfProcessParametersForProudctionOfXylose.xlsx,6.026536086419927
1539,62.5,438.15,8.0,0.0,2.0,30.0,32.5,2.0,19.48,2460.148622321003,7.807977042679104,202.36549833036347,35.035934291581114,50,release_of_acetic_acid_and_its_effect_on_the_dissolution_of_carbohydrates_in_the_autohydrolysis.xlsx,0.6592138631143172
1540,80.0,396.15,8.0,0.6078473087560404,0.5,79.05039814814816,0.9496018518518518,103.20114667940756,33.204545454545496,375.93175873924247,5.929407634203317,13.786920306728625,43.367556468172424,48,ProductionOfXyloseFromMerantiWood.xlsx,4.70526780240094
1541,137.87880973282043,398.15,8.0,0.2039359641072704,8.0,125.37880973282041,12.5,8.0,18.863636363636367,682.8361182347218,6.526254886760178,26.483459672896377,76.46704533675235,20,Generation of xylose solutions from Eucalyptus globulus wood.xlsx,0.550418347329682
1542,71.6738064390298,448.15,20.0,0.10195862518989794,0.5,26.673806439029804,45.0,3.333333333333333,20.10227272727273,4308.856412417965,8.368427814344905,388.33698109575806,70.29779961093111,31,kinetic_characterization_of_biomass_dilute_sulfuric_acid_hydrolysis_mixtures_of_hardwoods_softwood_and_switchgrass.xlsx,6.82686760409517
1543,133.0,443.15,5.0,0.02,3.0,103.0,30.0,4.833333333333333,16.931818181818183,11854.842348451491,9.380491700094042,1025.1597825434185,34.84563758389261,7,comparative_evaluation_of_autohydrolysis_and_aci_catalyzed_hydrolysis_of_eucalyptus_globulus_wood.xlsx,22.212010121185514
1544,47.81928404928706,373.65,8.0,0.3059039461609055,8.0,38.381784049287056,9.4375,8.0,18.863636363636367,39.705164937452224,3.681481278411137,0.6737003812298644,83.07961553048995,20,Generation of xylose solutions from Eucalyptus globulus wood.xlsx,2.218630728243852
1545,188.0917759120644,388.15,8.0,0.3059039461609055,8.0,176.8417759120644,11.25,8.0,18.863636363636367,488.9227805059053,6.192204563929431,14.054839085623591,78.13639491880174,20,Generation of xylose solutions from Eucalyptus globulus wood.xlsx,1.706905783059554
1546,165.0,418.15,8.0,0.0,8.0,150.0,15.0,8.0,18.863636363636367,3169.9869550078333,8.061482751723375,194.5129130844473,7.252048192771085,34,MildAutohydrolysisAnEnvironmentallyFriendlyTechnologXyl.xlsx,4.808883012978427
1547,64.05430264481133,398.15,8.0,0.2039359641072704,8.0,51.55430264481132,12.5,8.0,18.863636363636367,280.7742390544157,5.637550926683966,10.889689397814978,80.34733278423984,20,Generation of xylose solutions from Eucalyptus globulus wood.xlsx,0.2071792396859422
1548,113.34779033751579,408.15,8.0,0.2039359641072704,8.0,99.59779033751579,13.75,8.0,18.863636363636367,1068.510963027742,6.97402133491035,53.297667176223484,69.56700140921954,20,Generation of xylose solutions from Eucalyptus globulus wood.xlsx,7.1215515801179805
1549,89.83165859270771,413.15,6.0,0.0,5.0,89.83165859270771,55.0,2.090909090909091,21.59090909090909,1352.6242393410248,7.209801865534035,75.23384882298458,2.653344466495045,9,degradation_and_redeposition_of_the_chemical_components_of_aspen_wood_during_hot_water_extraction.xlsx,1.003750488949291
1550,75.2,373.35,10.0,0.7137103763292856,0.5,0.0,75.2,1.0,19.77272727272727,0.0,0.0,0.0,0.0,44,PrehydrolysisOfEucalyptusWoodWithDiluteSulphuricAcidAtmostpheric.xlsx,3.079087257385254
1551,60.0,423.15,6.0,0.0,0.42,60.0,0.0,0.0,24.88636363636364,1779.6554741372292,7.484175070696675,119.23248811750038,0.23679161358050546,30,kinetics_of_polysaccharide_hydrolysis_in_the_acid_catalysed_delignification_of_eucalyptus_globulus_wood_by_acetic_acid.xlsx,2.76723003101178
1552,124.6043578854434,398.15,8.0,0.10196798205363516,8.0,112.1043578854434,12.5,8.0,18.863636363636367,610.5410056038679,6.414345458541443,23.679529639352694,79.78238983117262,20,Generation of xylose solutions from Eucalyptus globulus wood.xlsx,3.0266754146687163
1553,55.0,423.15,10.0,0.20261576958534688,3.0,20.0,35.0,2.0,16.81818181818182,593.2184913790766,6.385562782028567,39.74416270583346,11.77297297297297,12,EffectsOfCombinedPretreatmentOfDiluteAcidPre-extractionAndChemical-assistedMechanical.xlsx,7.78030529795466
1554,111.221088435374,398.15,8.0,0.4078719282145407,8.0,98.721088435374,12.5,8.0,18.863636363636367,537.6532522422843,6.287213839813467,20.85261432943937,74.91364586988139,20,Generation of xylose solutions from Eucalyptus globulus wood.xlsx,1.8780716594154825
1555,60.0,423.15,10.0,0.20261576958534688,50.0,25.0,35.0,2.0,16.81818181818182,741.5231142238455,6.608706333342777,49.68020338229182,35.378378378378365,56,SurfaceLigninChangePertainingToTheIntegratedProcessOfDiluteAcid.xlsx,0.903382791055229
1556,62.6041666666667,433.15,10.0,0.13713658804168952,0.5,60.1041666666667,2.5,54.0,20.909,3511.7711074114586,8.163875778203801,272.32056003046813,12.172674451209858,55,sugar_yields_from_dilute_oxalic_acid_pretreatment_of_maple_wood.xlsx,5.696086611412213
1557,85.0,443.15,5.0,0.15,3.0,55.0,30.0,4.833333333333333,16.931818181818183,6330.255622959532,8.753095897096879,547.4154178629904,67.91946308724832,7,comparative_evaluation_of_autohydrolysis_and_aci_catalyzed_hydrolysis_of_eucalyptus_globulus_wood.xlsx,2.8475636731858174
1558,0.0,448.15,6.0,0.0,8.0,0.0,0.0,8.0,18.863636363636367,0.0,0.0,0.0,0.0,34,MildAutohydrolysisAnEnvironmentallyFriendlyTechnologXyl.xlsx,2.8521780967712402
1559,389.72178970623884,373.65,8.0,0.4078719282145407,8.0,380.28428970623884,9.4375,8.0,18.863636363636367,393.3962638766017,5.974817408900717,6.67498078311918,83.22967758671427,20,Generation of xylose solutions from Eucalyptus globulus wood.xlsx,0.10378494755411793
1560,315.0,433.15,4.76,0.0,5.0,137.8125,177.1875,0.7619047619047619,21.59,8052.119887530948,8.993690675810656,624.4022546279188,19.36991712436176,24,HotWaterPretreatment.xlsx,1.2965261636683998
1561,53.529411764705884,413.15,6.0,0.0,22.5,40.0,13.529411764705882,8.5,20.0,602.2928934102201,6.400743860893598,33.49992641863204,0.17830500000000002,25,HydrothermalTreatmentOfEucalyptusWoodEffectsOnIonPermeabilityAndMaterialRemoving.xlsx,2.75333300239563
1562,10.219765,443.15,3.0,0.1013078847926734,2.75,10.0,0.219765,318.52205765249244,15.943751237868884,1150.9555678108245,7.0483478048584525,99.53007597508915,28.281133902235798,57,TheInfluenceOfSO2AndH2S04ImpregnentOfWillow.xlsx,3.748307931260296
1563,150.0,443.15,4.0,0.0,10.35,90.0,60.0,2.4166666666666665,20.47,10358.600110297419,9.245572382194672,895.7706837758025,52.07620908646801,22,HemicelluloseRemovalFromHardwood.xlsx,14.634303111126215
1564,153.67741935483818,433.15,6.0,0.0,5.0,149.67741935483818,4.0,33.75,15.1,8745.364354477295,9.076279050904642,678.1599500194063,71.3599107104768,35,ModelingXylanSolubilizationDuringAutohydrolysisOfSugarMaple.xlsx,12.362676365994375
1565,130.69253461870719,373.65,8.0,0.10196798205363516,8.0,121.2550346187072,9.4375,8.0,18.863636363636367,125.43583546949995,4.831794356668811,2.1283420005636984,96.3632299773457,20,Generation of xylose solutions from Eucalyptus globulus wood.xlsx,12.138735043263665
1566,177.22896014946843,388.15,8.0,0.2039359641072704,8.0,165.9789601494684,11.25,8.0,18.863636363636367,458.88984253420807,6.128810186778412,13.191495982600351,75.40501954197467,20,Generation of xylose solutions from Eucalyptus globulus wood.xlsx,2.601938465837833
1567,15.069256041875384,453.15,40.0,0.0,0.425,11.3013698630136,3.767886178861788,41.137123745819395,20.9,2562.279981149593,7.848652758745603,238.65984007176849,58.14958573573399,8,DegradationKineticsOfTheMainCarbohydratesInBirchWoodDuringHotWaterExtractionInABatchReactor.xlsx,23.912967670027726
1568,80.0,400.15,8.0,1.013078847926734,0.5,79.01163888888887,0.9883611111111108,103.20114667940756,33.204545454545496,492.80011417180674,6.2001036438990855,20.174252716352452,31.80287474332645,48,ProductionOfXyloseFromMerantiWood.xlsx,6.85403901399777
1569,34.70588235294117,423.15,6.0,0.0,22.5,20.0,14.705882352941178,8.5,20.0,593.2184913790766,6.385562782028567,39.74416270583346,0.21469,25,HydrothermalTreatmentOfEucalyptusWoodEffectsOnIonPermeabilityAndMaterialRemoving.xlsx,2.6639024911499023
1570,315.5658530452342,373.65,8.0,0.4078719282145407,8.0,306.1283530452342,9.4375,8.0,18.863636363636367,316.6834750068739,5.757902773486912,5.373350751153415,83.3368006440282,20,Generation of xylose solutions from Eucalyptus globulus wood.xlsx,1.2515497895360141
1571,100.0,433.15,9.0,0.13254621274686734,0.5,100.0,0.0,0.0,14.64,5842.80808165511,8.672966796157581,453.0810010905533,72.54098360655738,17,evaluation_of_the_kinetics.xlsx,7.230345178823001
1572,10.0,448.15,9.0,0.15293793778484693,0.84,6.0,4.0,75.0,16.59090909090909,969.2331888814642,6.8765052319399205,87.35243287831615,90.05891623227043,13,effects_of_dilute_acid_pretreatment_conditions_on_enzymatic_hydrolysis_monomer_and_oligomer_sugar_yields.xlsx,0.727953097504809
1573,86.0,443.15,5.0,0.02,3.0,56.0,30.0,4.833333333333333,16.931818181818183,6445.351179740615,8.771114402599556,557.3684254604993,36.02684563758389,7,comparative_evaluation_of_autohydrolysis_and_aci_catalyzed_hydrolysis_of_eucalyptus_globulus_wood.xlsx,28.901605900502048
1574,55.0,423.15,10.0,0.0,0.177,45.0,10.0,12.5,12.16,1334.7416056029222,7.196492998244896,89.42436608812528,3.7006578947368425,27,hydrothermal_treatment_of_eucalyptus_sawdust_for_a_forest_biorefinery.xlsx,2.727277228706761
1575,60.0,423.15,8.0,0.2548965629747449,8.0,60.0,0.0,0.0,19.43,1779.6554741372292,7.484175070696675,119.23248811750038,70.59140036494642,41,optimization_of_furfural_production_by_acid_hydrolysis_of_eucalyptus_globulus_in_two_stages.xlsx,13.55475638301283
1576,46.875,433.15,8.0,0.0,8.0,30.0,16.875,8.0,18.863636363636367,1752.8424244965329,7.468993991831646,135.92430032716598,3.1807228915662646,11,EffectofEucalytpusGlobulusWoodAutohydrolysis.xlsx,0.37283152270029785
1577,0.0,423.15,8.0,0.2548965629747449,8.0,0.0,0.0,0.0,19.43,0.0,0.0,0.0,0.0,41,optimization_of_furfural_production_by_acid_hydrolysis_of_eucalyptus_globulus_in_two_stages.xlsx,3.291734457015991
1578,33.82514571190672,433.15,6.0,0.0,5.0,29.825145711906718,4.0,33.75,14.7,1742.6260240206982,7.4631484637042105,135.13206876822318,21.338728818003254,35,ModelingXylanSolubilizationDuringAutohydrolysisOfSugarMaple.xlsx,12.66415873438509
1579,675.2,373.35,10.0,0.7137103763292856,0.5,600.0,75.2,1.0,19.77272727272727,608.1909999271172,6.410488977250048,10.1949385236954,70.29885057471266,44,PrehydrolysisOfEucalyptusWoodWithDiluteSulphuricAcidAtmostpheric.xlsx,2.9164729502009408
1580,76.38103463096459,388.15,8.0,0.10196798205363516,8.0,65.1310346309646,11.25,8.0,18.863636363636367,180.07083668302596,5.193350310602708,5.176413811143676,82.5630919863194,20,Generation of xylose solutions from Eucalyptus globulus wood.xlsx,1.2303969789951879
1581,97.77282428630258,408.15,8.0,0.3059039461609055,8.0,84.02282428630261,13.75,8.0,18.863636363636367,901.4186819830533,6.803969835561029,44.963050975748814,65.12387084823945,20,Generation of xylose solutions from Eucalyptus globulus wood.xlsx,0.4097900404324264
1582,100.0,433.15,8.0,0.0,4.0,60.0,40.0,3.375,11.932,3505.6848489930658,8.162141172391593,271.848600654332,54.44183707676836,6,combined_autohydrolysis_and_alkali_pretreatments_for_cellulose_enzymatic_hydrolysis_of_eucalyptus_grandis_wood.xlsx,9.423969502821485
1583,13.840430117827378,408.15,8.0,0.2039359641072704,8.0,0.090430117827378,13.75,8.0,18.863636363636367,0.970157791242158,-0.030296549330595394,0.048391779640263866,82.47675069790925,20,Generation of xylose solutions from Eucalyptus globulus wood.xlsx,2.6362737081631593
1584,0.0,473.15,19.0,0.0,0.42,0.0,0.0,0.0,12.954545454545455,0.0,0.0,0.0,14.743589743589801,58,Two_step_liquid_hot_water_pretreatment_of_Eucalyptus_grandis.xlsx,7.617290839170856
1585,62.474302496328896,448.15,20.0,0.10195862518989794,0.5,17.474302496328903,45.0,3.333333333333333,18.744318181818183,2822.778988666032,7.945477135661972,254.4038059843272,13.91726083002758,31,kinetic_characterization_of_biomass_dilute_sulfuric_acid_hydrolysis_mixtures_of_hardwoods_softwood_and_switchgrass.xlsx,8.456221286875724
1586,15.0,443.15,20.0,0.0,1.625,14.134837962962965,0.865162037037037,28.896321070234126,18.6,1626.857045357603,7.394405239411388,140.68414963492785,7.847311827956989,23,HemicellulosesFromStonePineHolmOakAndNorwaySpruceWithSubcriticalWaterExtraction.xlsx,1.9561503861540102
1587,121.8767439243922,373.65,8.0,0.2039359641072704,8.0,112.4392439243922,9.4375,8.0,18.863636363636367,116.31608160078069,4.756311326842129,1.973601888848828,82.90151450185104,20,Generation of xylose solutions from Eucalyptus globulus wood.xlsx,0.6378960326127583
1588,48.7320475778729,448.15,20.0,0.10195862518989794,0.5,3.7320475778728976,45.0,3.333333333333333,17.386363636363637,602.8707291598488,6.401702794241878,54.33390592413745,1.3307307349528334,31,kinetic_characterization_of_biomass_dilute_sulfuric_acid_hydrolysis_mixtures_of_hardwoods_softwood_and_switchgrass.xlsx,1.8682629479084947
1589,41.19267551755173,373.65,8.0,0.2039359641072704,8.0,31.75517551755173,9.4375,8.0,18.863636363636367,32.850074918952515,3.4919540255658426,0.5573861242282,83.16483228216457,20,Generation of xylose solutions from Eucalyptus globulus wood.xlsx,0.6364814520864428
1590,0.0,423.15,3.7,0.0,2.0,0.0,0.0,16.1,15.48,0.0,0.0,0.0,0.0,21,HemicelluloseExtractionOfMixedSouthernHardwood.xlsx,2.8043298721313477
1591,30.0,425.15,20.0,0.40783450075959177,0.42,30.0,0.0,0.0,15.45454545,1019.0449157106699,6.926621110475716,70.51770103093578,59.529411782214524,42,optimization_of_the_pretreatment_of_prosopis_nigra_sawdust_for_the_production_of_fermentable_sugars.xlsx,26.643111716320632
1592,97.0,393.15,5.0,0.1,3.0,67.0,30.0,3.1666666666666665,16.931818181818183,259.9852302784948,5.560624822780796,8.735142777371232,31.30201342281879,7,comparative_evaluation_of_autohydrolysis_and_aci_catalyzed_hydrolysis_of_eucalyptus_globulus_wood.xlsx,5.7627983349281635
1593,120.0,403.15,8.0,1.2156946175120809,0.5,118.95,1.05,100.0,33.204545454545496,909.233140812446,6.812601541833713,40.22281326236792,24.09308692676246,29,KineticStuidesOfAcidHyrolysisOfMerantiWood.xlsx,14.563826830561759
1594,100.0,403.15,8.0,0.4052315391706937,0.5,98.98256944444445,1.0174305555555554,103.20114667940756,33.20454545454545,756.6055695809861,6.628842073500127,33.4708483143611,34.21218343600274,10,DesignOfProcessParametersForProudctionOfXylose.xlsx,3.111315210905083
1595,28.0,433.15,20.0,0.0,1.625,27.30787037037037,0.6921296296296295,28.896321070234126,18.6,1595.5464569279013,7.374971562767223,123.72677245058465,17.268817204301072,23,HemicellulosesFromStonePineHolmOakAndNorwaySpruceWithSubcriticalWaterExtraction.xlsx,12.381059426133348
1596,0.6633333333,463.15,5.0,0.1631338003038367,0.38,0.33,0.333333,8.25,22.38636363636364,147.38265365882424,4.993032290732626,14.313592205133524,64.7715736040609,46,prehydrolysis_of_hardwoods_with_dilute_sulfuric_acid.xlsx,6.051874577091439
1597,120.0,403.15,8.0,0.4052315391706937,0.5,118.95,1.05,100.0,33.204545454545496,909.233140812446,6.812601541833713,40.22281326236792,33.73032169746745,29,KineticStuidesOfAcidHyrolysisOfMerantiWood.xlsx,4.556551166302079
1598,85.0,413.15,5.0,0.15,3.0,55.0,30.0,3.8333333333333335,16.931818181818183,828.1527284390527,6.719197592012132,46.062398825619056,1.7718120805369124,7,comparative_evaluation_of_autohydrolysis_and_aci_catalyzed_hydrolysis_of_eucalyptus_globulus_wood.xlsx,72.4508975752248
1599,45.0,475.15,8.0,0.0,8.0,26.62395833333333,18.376041666666666,9.632107023411374,26.363636363636363,26824.36075238356,10.197065736921703,2631.7420279290122,107.98965517241379,33,ManufactureOfFurfuralFromXylan-containing.xlsx,69.51819292265793
1600,2.0333333333000003,443.15,5.0,0.08156690015191835,0.38,1.7,0.333333,7.25,22.38636363636364,195.66244652784007,5.276390962926578,16.920112915765156,50.477157360406075,46,prehydrolysis_of_hardwoods_with_dilute_sulfuric_acid.xlsx,5.104175799994316
1601,50.714285714285715,443.15,15.0,0.0,0.59,30.0,20.714285714285715,7.0,16.03409,3452.866703432473,8.146960093526562,298.59022792526747,45.65273114969418,37,OptimizationofHydrothermalACS.xlsx,10.725454122522613
1602,16.277918290552346,408.15,8.0,0.10196798205363516,8.0,2.5279182905523423,13.75,8.0,18.863636363636367,27.120163990988587,3.3002775099192734,1.3527624181416864,82.85357804919653,20,Generation of xylose solutions from Eucalyptus globulus wood.xlsx,0.14605573986597165
1603,330.0,388.15,10.0,1.0195862518989796,0.5,300.0,30.0,3.0,19.77272727272727,829.4241187936694,6.720731627198575,23.843074997073842,62.71264367816094,45,PrehydrolysisOfEucalyptusWoodWithDiluteSulphuricAcidAutoclave.xlsx,0.37904840228203085
1604,20.0,483.15,8.0,8.51e-06,0.509,20.0,0.0,0.0,21.375,34660.617956169204,10.453359392198058,3346.7172615514514,3.5861775651249337,53,SequentialFentonOxidationAndHydrothermalTreatmentToImproveTheEffectOfPretreatment.xlsx,28.254738114806706
1605,68.958996098249,398.15,8.0,0.10196798205363516,8.0,56.458996098248996,12.5,8.0,18.863636363636367,307.4861040498921,5.728429896143818,11.925695813562866,79.62694930001514,20,Generation of xylose solutions from Eucalyptus globulus wood.xlsx,2.3334694011567336
1606,90.0,433.15,5.66666666666667,0.0,2.0,75.0,15.0,1.3333333333333333,19.318181818181817,4382.106061241333,8.385284723705801,339.81075081791494,53.95983829283526,54,SeverityFactorCoefficientsforSubcriticalLiquidHotWaterPretreatment.xlsx,10.632232091663383
1607,67.20922016267386,373.65,8.0,0.3059039461609055,8.0,57.77172016267385,9.4375,8.0,18.863636363636367,59.7636544156917,4.0903976904892145,1.0140443145612816,83.00621518372634,20,Generation of xylose solutions from Eucalyptus globulus wood.xlsx,2.4126025128279025
1608,30.0,423.15,8.0,0.2548965629747449,8.0,30.0,0.0,0.0,19.43,889.8277370686146,6.791027890136732,59.61624405875019,67.3747251204791,41,optimization_of_furfural_production_by_acid_hydrolysis_of_eucalyptus_globulus_in_two_stages.xlsx,10.227584617549411
1609,226.0,398.15,12.0,0.06729269262533262,0.9,216.0,10.0,10.0,19.34090909090909,1176.3758313945034,7.0701936619214525,45.62515230074146,50.7,43,optimizing_xylose_production_from_pinewood_sawdust_through_dilute_phosphoric_acid_hydrolysis.xlsx,1.3671997070312472
1610,136.0702481077354,373.65,8.0,0.4078719282145407,8.0,126.63274810773541,9.4375,8.0,18.863636363636367,130.99896929345238,4.875189455181285,2.2227348933758444,83.10973967657048,20,Generation of xylose solutions from Eucalyptus globulus wood.xlsx,3.031027213191578
1611,36.95,448.15,6.0,0.0,8.0,18.2,18.75,8.0,18.863636363636367,2940.007339607108,7.9861673567946125,264.969046397559,9.287710843373493,34,MildAutohydrolysisAnEnvironmentallyFriendlyTechnologXyl.xlsx,4.540383992482379
1612,24.14925373134328,425.15,6.0,0.0,5.0,20.149253731343286,4.0,31.75,15.1,684.4331523429872,6.528590980855068,47.362635020777766,2.1234503035284904,35,ModelingXylanSolubilizationDuringAutohydrolysisOfSugarMaple.xlsx,0.7391292805932137
1613,150.0,388.15,10.0,0.8156690015191835,0.5,120.0,30.0,3.0,19.77272727272727,331.76964751746783,5.804440895324419,9.537229998829538,63.21839080459771,45,PrehydrolysisOfEucalyptusWoodWithDiluteSulphuricAcidAutoclave.xlsx,7.143860477140571
1614,10.282555,463.15,3.0,0.0,2.75,10.0,0.282555,318.52205765249244,15.943751237868884,4466.141019964371,8.404280008248282,433.74521833737947,3.4777730244147795,57,TheInfluenceOfSO2AndH2S04ImpregnentOfWillow.xlsx,16.25345485034108
1615,100.0,403.15,8.0,0.8104630783413873,0.5,98.95,1.05,100.0,33.204545454545496,756.3566144043003,6.6285129771333215,33.45983499210849,33.489390828199824,29,KineticStuidesOfAcidHyrolysisOfMerantiWood.xlsx,5.167484782151739
1616,60.0,453.15,19.0,0.0,0.42,60.0,0.0,0.0,12.954545454545455,13603.377354467051,9.518073375781425,1267.0667872901276,55.25641025641029,58,Two_step_liquid_hot_water_pretreatment_of_Eucalyptus_grandis.xlsx,17.586003914857557
1617,0.6633333333,463.15,3.9,0.08156690015191835,0.38,0.33,0.333333,8.25,21.931818181818183,147.38265365882424,4.993032290732626,14.313592205133524,64.2901554404145,46,prehydrolysis_of_hardwoods_with_dilute_sulfuric_acid.xlsx,0.11301228419488041
1618,75.578063726449,373.65,8.0,0.4078719282145407,8.0,66.140563726449,9.4375,8.0,18.863636363636367,68.42105068494094,4.225680535832324,1.1609393388292624,82.83302912773185,20,Generation of xylose solutions from Eucalyptus globulus wood.xlsx,2.6897414690404418
1619,108.07475702697641,373.65,8.0,0.3059039461609055,8.0,98.63725702697641,9.4375,8.0,18.863636363636367,102.03821047517759,4.6253473556362685,1.7313410334759176,83.15982986291938,20,Generation of xylose solutions from Eucalyptus globulus wood.xlsx,2.7546784957318806
1620,237.8184587352558,388.15,8.0,0.2039359641072704,8.0,226.5684587352558,11.25,8.0,18.863636363636367,626.4044807764312,6.4399962978700875,18.006962511987116,67.35514713007498,20,Generation of xylose solutions from Eucalyptus globulus wood.xlsx,10.947343104300018
1621,115.5,373.15,16.0,0.10195862518989794,0.9,108.0,7.5,10.0,19.34090909090909,108.0,4.68213122712422,1.7957215607141186,43.6,43,optimizing_xylose_production_from_pinewood_sawdust_through_dilute_phosphoric_acid_hydrolysis.xlsx,40.05661425590515
1622,40.0,413.15,9.0,0.13254621274686734,0.5,40.0,0.0,0.0,14.64,602.2928934102201,6.400743860893598,33.49992641863204,13.435118910182457,17,evaluation_of_the_kinetics.xlsx,0.507812734950523
1623,95.0,403.15,10.0,1.2235035022787752,0.5,60.0,35.0,3.0,19.77272727272727,458.6295792244368,6.128242867306846,20.288934810778265,70.80459770114943,45,PrehydrolysisOfEucalyptusWoodWithDiluteSulphuricAcidAutoclave.xlsx,5.2790392294697455
1624,60.0,394.15,8.0,0.8104630783413873,0.5,59.06977777777778,0.9302222222222222,103.20114667940756,33.204545454545496,245.29172901396325,5.5024482328564535,8.489789996824516,38.30800821355231,48,ProductionOfXyloseFromMerantiWood.xlsx,1.737684269460516
1625,42.85714285714286,493.15,15.0,0.0,0.59,15.0,27.857142857142854,7.0,15.0,51207.609418581415,10.843643421441193,4731.757532415202,9.2,37,OptimizationofHydrothermalACS.xlsx,10.163302230834962
1626,88.68837477416679,448.15,20.0,0.10195862518989794,0.5,43.688374774166796,45.0,3.333333333333333,17.386363636363637,7057.370466569035,8.861827805948444,636.0476375038544,57.47210617263436,31,kinetic_characterization_of_biomass_dilute_sulfuric_acid_hydrolysis_mixtures_of_hardwoods_softwood_and_switchgrass.xlsx,1.1678916950952996
1627,71.9757538253824,373.65,8.0,0.2039359641072704,8.0,62.538253825382405,9.4375,8.0,18.863636363636367,64.69453529956965,4.169676735800155,1.0977094079188006,83.28800672612341,20,Generation of xylose solutions from Eucalyptus globulus wood.xlsx,0.49313062749060066
1628,30.0,423.15,5.0,0.0,3.0,0.0,30.0,4.166666666666667,16.931818181818183,0.0,0.0,0.0,9.4496644295302,7,comparative_evaluation_of_autohydrolysis_and_aci_catalyzed_hydrolysis_of_eucalyptus_globulus_wood.xlsx,11.70838992227644
1629,60.0,443.15,6.0,0.0,0.42,60.0,0.0,0.0,24.88636363636364,6905.733406864945,8.840107274086508,597.1804558505349,0.7446210956981809,30,kinetics_of_polysaccharide_hydrolysis_in_the_acid_catalysed_delignification_of_eucalyptus_globulus_wood_by_acetic_acid.xlsx,7.630805196721253
1630,15.0,418.15,8.0,0.0,8.0,0.0,15.0,8.0,18.863636363636367,0.0,0.0,0.0,0.33079518072289155,34,MildAutohydrolysisAnEnvironmentallyFriendlyTechnologXyl.xlsx,2.474212277010263
1631,72.6792957518752,448.15,20.0,0.10195862518989794,0.5,27.679295751875202,45.0,3.333333333333333,17.386363636363637,4471.282014597195,8.405430450647607,402.9756373807901,78.9420265743104,31,kinetic_characterization_of_biomass_dilute_sulfuric_acid_hydrolysis_mixtures_of_hardwoods_softwood_and_switchgrass.xlsx,0.08114095419321643
1632,271.9037466246622,373.65,8.0,0.2039359641072704,8.0,262.4662466246622,9.4375,8.0,18.863636363636367,271.51592535052583,5.604020794561754,4.606966945151447,86.00140305100649,20,Generation of xylose solutions from Eucalyptus globulus wood.xlsx,7.122519689190085
1633,50.714285714285715,443.15,15.0,0.0,0.325,30.0,20.714285714285715,7.0,25.4,3452.866703432473,8.146960093526562,298.59022792526747,36.023622047244096,38,OptimizationOfHydrothermalCHEMPUP.xlsx,1.3112273328886275
1634,25.0,443.15,20.0,0.0,1.625,24.134837962962962,0.865162037037037,28.896321070234126,18.6,2777.812613168427,7.929419067176116,240.21422561001697,47.12795698924731,23,HemicellulosesFromStonePineHolmOakAndNorwaySpruceWithSubcriticalWaterExtraction.xlsx,21.428706523936285
1635,62.92674900877854,388.15,8.0,0.10196798205363516,8.0,51.67674900877854,11.25,8.0,18.863636363636367,142.8731400290926,4.961957103861157,4.1071086740708935,82.94846112412978,20,Generation of xylose solutions from Eucalyptus globulus wood.xlsx,1.426778384871966
1636,23.83,448.15,10.0,0.0,8.0,5.08,18.75,8.0,18.863636363636367,820.617433252973,6.7100570243022535,73.95839317030769,1.8342168674698796,34,MildAutohydrolysisAnEnvironmentallyFriendlyTechnologXyl.xlsx,0.9872970237502132
1637,0.7302921715061667,510.05,3.0,0.0,0.718,0.7302921715061667,0.0,0.0,21.704545454545453,7840.401644758394,8.967045342231009,635.6452362835262,78.80234303592677,61,WaterAndDiluteAceticAcidPrehydrolysisOfSouthernRedOak.xlsx,14.02385487674708
1638,226.0,398.15,12.0,0.06729269262533262,0.9,216.0,10.0,10.0,19.34090909090909,1176.3758313945034,7.0701936619214525,45.62515230074146,49.92,43,optimizing_xylose_production_from_pinewood_sawdust_through_dilute_phosphoric_acid_hydrolysis.xlsx,2.1471997070312483
1639,4.0,403.15,20.0,0.0,1.625,3.8269675925925934,0.17303240740740738,28.896321070234126,18.6,29.25267561160495,3.3759710433954067,1.294084933484536,0.9462365591397848,23,HemicellulosesFromStonePineHolmOakAndNorwaySpruceWithSubcriticalWaterExtraction.xlsx,9.42847066284508
1640,60.0,413.15,5.0,0.2,3.0,30.0,30.0,3.8333333333333335,16.931818181818183,451.7196700576651,6.113061788441818,25.124944813974032,51.9731543624161,7,comparative_evaluation_of_autohydrolysis_and_aci_catalyzed_hydrolysis_of_eucalyptus_globulus_wood.xlsx,7.116079036021397
1641,1.0033333333,463.15,3.9,0.1631338003038367,0.38,0.67,0.333333,8.25,21.931818181818183,299.2314483376128,5.701217348657112,29.060929628604427,73.40932642487047,46,prehydrolysis_of_hardwoods_with_dilute_sulfuric_acid.xlsx,5.065049996647815
1642,20.0,423.15,4.0,0.75,0.5,20.0,0.0,0.0,14.64,593.2184913790766,6.385562782028567,39.74416270583346,48.28,39,optimization_of_acid_hydrolysis_from_the_hemicellulosic_fraction_of_eucalyptus.xlsx,25.6741015625
1643,32.5,473.15,15.0,0.0,0.335,30.0,2.5,70.0,17.045454545454547,26393.113388555048,10.180858398611306,2592.56350049684,40.7360647272464,28,KineticsOfTheHydrolysisOfXylanBasedOnEtherBondCleavageInSubcriticalWater.xlsx,20.388160521924135
1644,78.1387984161952,408.15,8.0,0.2039359641072704,8.0,64.3887984161952,13.75,8.0,18.863636363636367,690.7797529517352,6.5378210362768865,34.456314103292534,74.42814602279834,20,Generation of xylose solutions from Eucalyptus globulus wood.xlsx,1.827758449556157
1645,65.9447033764262,448.15,20.0,0.10195862518989794,0.5,20.944703376426204,45.0,3.333333333333333,17.386363636363637,3383.3836072849895,8.126631554987481,304.928465974252,19.179148630908905,31,kinetic_characterization_of_biomass_dilute_sulfuric_acid_hydrolysis_mixtures_of_hardwoods_softwood_and_switchgrass.xlsx,4.403489155956329
1646,25.0,433.15,4.0,0.8219482394757303,20.0,20.0,5.0,27.0,19.33,1168.561616331022,7.063528883723482,90.61620021811063,63.40403517847906,52,response_surface_optimization_of_oxalic_acid_pretreatment_of_yellow_poplar_for_production_of_glucose.xlsx,12.00539168482672
1647,44.0,425.15,20.0,0.346659325645653,0.42,44.0,0.0,0.0,15.45454545,1494.599209708983,7.30961336273182,103.42596151203915,57.65294119342735,42,optimization_of_the_pretreatment_of_prosopis_nigra_sawdust_for_the_production_of_fermentable_sugars.xlsx,28.722234282646866
1648,25.0,453.15,4.0,0.8219482394757303,20.0,20.0,5.0,31.0,19.33,4534.459118155683,8.419461087113312,422.35559576337585,44.097258147956545,52,response_surface_optimization_of_oxalic_acid_pretreatment_of_yellow_poplar_for_production_of_glucose.xlsx,7.096124115227049
1649,100.0,423.15,10.0,0.1086,2.0,95.0,5.0,25.0,12.386,2817.7878340506127,7.943707400075118,188.7847728527089,32.13305344744066,14,effect_of_liquid_to_solid_ratio_on_autohydrolysis_of_eucalyptus_globulus_wood_meal.xlsx,0.6424973948444972
1650,150.0,443.15,4.0,0.09991340837940453,10.35,90.0,60.0,2.4166666666666665,20.47,10358.600110297419,9.245572382194672,895.7706837758025,46.897899364924285,22,HemicelluloseRemovalFromHardwood.xlsx,8.432506298518035
1651,183.24994007185842,373.65,8.0,0.3059039461609055,8.0,173.81244007185842,9.4375,8.0,18.863636363636367,179.80538873263657,5.191875092292727,3.0508614969157244,83.59051517995042,20,Generation of xylose solutions from Eucalyptus globulus wood.xlsx,5.550964398700415
