,TotalT,Temp,LSR,CA,Size,IsoT,HeatT,Ramp,F_X,Ro,logRo,P,Yield,ID,Source,Lin Err,Rid Err,SVR Err,NN Err
664,40.69047619047614,398.15,8.0,0.4078719282145407,8.0,28.19047619047614,12.5,8.0,18.863636363636367,153.53053178693668,5.033899451397869,5.954605414911572,80.28194174542675,5,Generation of xylose solutions from Eucalyptus globulus wood.xlsx,8.828929064072724,8.979132464095741,1.0390648183007016,0.8669713474775307
665,16.280999681529263,388.15,8.0,0.3059039461609055,8.0,5.030999681529264,11.25,8.0,18.863636363636367,13.909441591678805,2.6325678607498757,0.39984834238985617,82.36748629226392,5,Generation of xylose solutions from Eucalyptus globulus wood.xlsx,11.265692436033262,10.876840550606303,1.9346024377239388,1.0750414787321745
666,291.66972322232203,373.65,8.0,0.2039359641072704,8.0,282.23222322232203,9.4375,8.0,18.863636363636367,291.96342096334325,5.676628523747772,4.953911369415941,85.92005288742756,5,Generation of xylose solutions from Eucalyptus globulus wood.xlsx,3.6865058843631147,2.4977986737551987,1.7066246816014967,1.4518064274666216
667,0.0,400.15,8.0,1.013078847926734,0.5,0.0,0.0,103.20114667940756,33.204545454545496,0.0,0.0,0.0,0.0,15,ProductionOfXyloseFromMerantiWood.xlsx,13.680682910007448,15.602901007014296,6.6663637309161,1.0252900123596191
668,35.714285714285715,443.15,15.0,0.0,0.59,15.0,20.714285714285715,7.0,16.03409,1726.4333517162365,7.453812912966616,149.29511396263374,16.18426739528093,11,OptimizationofHydrothermalACS.xlsx,17.67812879531871,17.58337843053307,23.974686153329305,1.9307476346262966
669,105.375,373.525,10.0,1.3254621274686729,0.5,30.0,75.375,1.0,19.77272727272727,30.772490044279337,3.4266211104757147,0.5195019673742692,27.158620689655177,13,PrehydrolysisOfEucalyptusWoodWithDiluteSulphuricAcidAtmostpheric.xlsx,41.7569965936452,41.73123913717127,7.597363641939719,7.48566994502627
670,20.0,398.15,8.0,0.8104630783413873,0.5,19.03101851851852,0.9689814814814814,103.20114667940756,33.204545454545496,103.64643625928898,4.640985455842932,4.019875547896474,19.033538672142342,15,ProductionOfXyloseFromMerantiWood.xlsx,13.103649706649094,12.80638768933018,14.835348110907795,7.17849173862426
671,60.567960075711746,408.15,8.0,0.4078719282145407,8.0,46.817960075711746,13.75,8.0,18.863636363636367,502.27523560479926,6.21914824753942,25.053648735870567,73.4271271729197,5,Generation of xylose solutions from Eucalyptus globulus wood.xlsx,7.380546381419336,7.2181056428524215,1.7271201035405426,0.9865067505564156
672,0.0,393.15,15.0,0.0,0.59,0.0,0.0,7.0,16.03409,0.0,0.0,0.0,9.355067858543894,11,OptimizationofHydrothermalACS.xlsx,42.01905437787461,44.128463045394184,13.356358622277906,8.432350764122507
673,0.0,398.15,8.0,0.4052315391706937,0.5,0.0,0.0,103.20114667940756,33.204545454545496,0.0,0.0,0.0,0.0,15,ProductionOfXyloseFromMerantiWood.xlsx,11.90324615675781,13.218705498234975,0.6561011681733895,0.9103757739067078
674,17.804143984534285,398.15,8.0,0.2039359641072704,8.0,5.304143984534286,12.5,8.0,18.863636363636367,28.887346248345718,3.3634036531578007,1.1203813755529557,82.53353644092319,5,Generation of xylose solutions from Eucalyptus globulus wood.xlsx,18.16431187085206,18.008441231211563,0.1624670401609336,0.6351294585013108
675,65.0,403.15,10.0,0.8156690015191835,0.5,30.0,35.0,3.0,19.77272727272727,229.3147896122184,5.435095686746902,10.144467405389133,66.75862068965519,14,PrehydrolysisOfEucalyptusWoodWithDiluteSulphuricAcidAutoclave.xlsx,14.348026421181217,14.774785544219235,0.8462131877852954,2.876770545696374
676,60.0,378.15,8.0,0.4052315391706937,0.5,59.22481481481481,0.7751851851851851,103.20114667940756,33.20454545454545,83.12318582529343,4.420323674079731,1.6818344398818248,13.973990417522248,1,DesignOfProcessParametersForProudctionOfXylose.xlsx,31.92281641709104,30.87571345079301,11.663654904740493,7.022059417766389
677,40.0,403.15,8.0,0.8104630783413873,0.5,38.95,1.05,100.0,33.204545454545496,297.7270351798636,5.696177077401504,13.170900181330225,44.57221081451056,9,KineticStuidesOfAcidHyrolysisOfMerantiWood.xlsx,13.145000763163662,13.44528767065183,5.688201497320314,4.377165343319156
678,240.0,433.15,4.76,0.0,5.0,62.8125,177.1875,0.7619047619047619,21.59,3670.013826289616,8.207950708422887,284.59150381000376,9.960946572305398,8,HotWaterPretreatment.xlsx,2.009693261135636,1.7529204681994042,2.75368485542983,1.9384636754973368
679,22.188865743851622,408.15,8.0,0.10196798205363516,8.0,8.43886574385162,13.75,8.0,18.863636363636367,90.53434350569373,4.505729264969943,4.51588189091802,82.02477470871514,5,Generation of xylose solutions from Eucalyptus globulus wood.xlsx,22.882144840130934,23.07274635156717,6.210028903083867,0.5072916364997013
680,16.52740189445195,388.15,8.0,0.4078719282145407,8.0,5.277401894451948,11.25,8.0,18.863636363636367,14.590681386086164,2.6803830637119064,0.4194316305303912,83.34155518028413,5,Generation of xylose solutions from Eucalyptus globulus wood.xlsx,11.458762350831222,10.99567883624782,0.7742589771674773,0.04139464881743038
681,390.0,388.15,10.0,1.0195862518989796,0.5,360.0,30.0,3.0,19.77272727272727,995.3089425524034,6.903053183992529,28.61168999648861,61.70114942528737,14,PrehydrolysisOfEucalyptusWoodWithDiluteSulphuricAcidAutoclave.xlsx,2.538700852822217,3.238676932488744,0.07114182307716987,1.4937243845270842
682,19.2089821453034,398.15,8.0,0.10196798205363516,8.0,6.708982145303402,12.5,8.0,18.863636363636367,36.53835393051929,3.598362501509296,1.4171219081593651,82.54112891160246,5,Generation of xylose solutions from Eucalyptus globulus wood.xlsx,17.872435697249998,17.907215231075256,1.0434806231167926,0.6836765190243312
683,120.0,423.15,4.0,0.0,10.35,60.0,60.0,2.083333333333333,20.47,1779.6554741372292,7.484175070696675,119.23248811750038,4.7874938935026865,7,HemicelluloseRemovalFromHardwood.xlsx,41.71665547812644,41.77188303539876,40.85346084619452,9.107415965200927
684,487.6268625047152,373.65,8.0,0.10196798205363516,8.0,478.1893625047152,9.4375,8.0,18.863636363636367,494.6770448503299,6.2039051149947895,8.393470074392662,82.58456165404786,5,Generation of xylose solutions from Eucalyptus globulus wood.xlsx,4.102873727608227,2.7648604048369663,1.761468494621468,2.265200308842765
685,188.5259256831328,373.65,8.0,0.4078719282145407,8.0,179.08842568313278,9.4375,8.0,18.863636363636367,185.2632871626384,5.221777987178337,3.143468800242597,81.86539604604573,5,Generation of xylose solutions from Eucalyptus globulus wood.xlsx,9.441175792844675,8.558334967398736,0.1590867481695284,1.3201203113761437
686,21.25,448.15,6.0,0.0,8.0,2.5,18.75,8.0,18.863636363636367,403.8471620339434,6.001036494586018,36.396847032631726,1.0178313253012048,10,MildAutohydrolysisAnEnvironmentallyFriendlyTechnologXyl.xlsx,24.644199496582363,23.676243233232046,15.346216935584124,0.015509843596492878
687,80.0,396.15,8.0,0.6078473087560404,0.5,79.05039814814816,0.9496018518518518,103.20114667940756,33.204545454545496,375.93175873924247,5.929407634203317,13.786920306728625,43.367556468172424,15,ProductionOfXyloseFromMerantiWood.xlsx,7.506230816883303,7.958503363635629,7.563792921934933,8.681933299227111
688,120.0,388.15,10.0,1.0195862518989796,0.5,90.0,30.0,3.0,19.77272727272727,248.8272356381009,5.516758822872638,7.152922499122153,65.24137931034484,14,PrehydrolysisOfEucalyptusWoodWithDiluteSulphuricAcidAutoclave.xlsx,1.2769872546576266,0.8016988445334903,1.4919367355170294,1.5512815015069492
689,89.099614762143,388.15,8.0,0.3059039461609055,8.0,77.849614762143,11.25,8.0,18.863636363636367,215.23449374172367,5.371728102346977,6.187247344223608,81.13781077066571,5,Generation of xylose solutions from Eucalyptus globulus wood.xlsx,1.1237922535251528,1.567059850417067,1.261208200501244,0.7515574137321153
690,71.53387208298079,398.15,8.0,0.2039359641072704,8.0,59.033872082980785,12.5,8.0,18.863636363636367,321.50935348172834,5.773026636510237,12.46958057726152,80.60991062355454,5,Generation of xylose solutions from Eucalyptus globulus wood.xlsx,8.497329918982857,8.775083882813973,1.4200699257410605,1.0791870517771969
691,51.268828114500714,408.15,8.0,0.10196798205363516,8.0,37.51882811450071,13.75,8.0,18.863636363636367,402.51173268446433,5.997724245960399,20.077413433693167,79.83736141178044,5,Generation of xylose solutions from Eucalyptus globulus wood.xlsx,16.037116715231626,16.272039070707237,7.95819152453744,0.8937176897820649
692,54.41018362076402,398.15,8.0,0.10196798205363516,8.0,41.91018362076402,12.5,8.0,18.863636363636367,228.25058842950276,5.4304440974761485,8.852585697450918,81.03554374133346,5,Generation of xylose solutions from Eucalyptus globulus wood.xlsx,10.273097721367535,10.715077780143332,1.0304612129131954,0.41291648303267436
693,60.0,398.15,8.0,1.6209261566827746,0.5,59.03101851851852,0.9689814814814814,103.20114667940756,33.20454545454545,321.4938124434563,5.772978297593423,12.468977825811558,39.03080082135524,1,DesignOfProcessParametersForProudctionOfXylose.xlsx,0.9389775741012443,1.4016831763419617,2.227609776519614,0.11297130388889798
694,15.0,418.15,8.0,0.0,8.0,0.0,15.0,8.0,18.863636363636367,0.0,0.0,0.0,0.33079518072289155,10,MildAutohydrolysisAnEnvironmentallyFriendlyTechnologXyl.xlsx,31.427182369663864,33.31180941674682,48.423295430345576,1.6321004510672696
695,75.375,373.525,10.0,1.3254621274686729,0.5,0.0,75.375,1.0,19.77272727272727,0.0,0.0,0.0,0.0,13,PrehydrolysisOfEucalyptusWoodWithDiluteSulphuricAcidAtmostpheric.xlsx,55.79378127702134,57.40272217064786,3.179332971252645,0.8284585475921631
696,37.14285714285714,453.15,15.0,0.0,0.59,15.0,22.142857142857146,7.0,16.03409,3400.844338616763,8.131779014661532,316.7666968225319,41.8171533276912,11,OptimizationofHydrothermalACS.xlsx,12.808771895527162,13.856601771845618,3.9155934101071423,7.29769576288497
697,615.58,373.73,10.0,2.039172503797959,0.5,540.0,75.58,1.0,19.77272727272727,561.6569046131671,6.330891173456628,9.560789943270322,94.57471264367818,13,PrehydrolysisOfEucalyptusWoodWithDiluteSulphuricAcidAtmostpheric.xlsx,21.590917919006884,21.813369503311407,4.5128039458057145,4.758184323365683
698,26.105442176870717,398.15,8.0,0.4078719282145407,8.0,13.60544217687072,12.5,8.0,18.863636363636367,74.09774700141732,4.3053851270006325,2.873844312216009,81.05436686038952,5,Generation of xylose solutions from Eucalyptus globulus wood.xlsx,12.00303801992365,11.999380017021835,1.6896092764568351,0.5711057519910838
699,18.75,448.15,8.0,0.0,8.0,0.0,18.75,8.0,18.863636363636367,0.0,0.0,0.0,0.6106987951807229,10,MildAutohydrolysisAnEnvironmentallyFriendlyTechnologXyl.xlsx,4.047033933224804,6.470266165832379,13.571299285678707,0.06924924836675805
700,375.375,373.525,10.0,1.3254621274686729,0.5,300.0,75.375,1.0,19.77272727272727,307.7249004427933,5.7292062034697615,5.195019673742691,70.29885057471266,13,PrehydrolysisOfEucalyptusWoodWithDiluteSulphuricAcidAtmostpheric.xlsx,1.7735350676386332,0.8991830510423426,1.1454464852176756,1.4881587412165658
701,150.0,388.15,10.0,0.40783450075959177,0.5,120.0,30.0,3.0,19.77272727272727,331.76964751746783,5.804440895324419,9.537229998829538,57.65517241379312,14,PrehydrolysisOfEucalyptusWoodWithDiluteSulphuricAcidAutoclave.xlsx,5.575139588233846,4.590917371059831,4.21361323599487,0.635564738306492
702,175.6486811790848,398.15,8.0,0.3059039461609055,8.0,163.1486811790848,12.5,8.0,18.863636363636367,888.5378030692717,6.7895771937568785,34.461497344726176,69.90090543203446,5,Generation of xylose solutions from Eucalyptus globulus wood.xlsx,3.0998225407641797,3.852119514751209,0.31612789559675036,1.1683313233366306
703,60.0,398.15,8.0,0.8104630783413873,0.5,59.03101851851852,0.9689814814814814,103.20114667940756,33.20454545454545,321.4938124434563,5.772978297593423,12.468977825811558,43.367556468172495,1,DesignOfProcessParametersForProudctionOfXylose.xlsx,8.131626094929324,8.430150746555789,5.011920059586245,2.1202267562584325
704,210.0,388.15,10.0,0.40783450075959177,0.5,180.0,30.0,3.0,19.77272727272727,497.6544712762017,6.209906003432582,14.305844998244305,61.195402298850595,14,PrehydrolysisOfEucalyptusWoodWithDiluteSulphuricAcidAutoclave.xlsx,1.9208738042897338,1.1505032904431403,3.596914156475762,1.0649968728252048
705,168.04505019878,398.15,8.0,0.2039359641072704,8.0,155.54505019878,12.5,8.0,18.863636363636367,847.1270266059703,6.741850655787451,32.8554009488232,74.52009299200601,5,Generation of xylose solutions from Eucalyptus globulus wood.xlsx,2.029528529729106,1.4541173180824103,3.3848789210284878,0.21705910760336167
706,128.5334083724494,408.15,8.0,0.2039359641072704,8.0,114.7834083724494,13.75,8.0,18.863636363636367,1231.4262174293901,7.115928303000334,61.423931957283436,65.1091390500532,5,Generation of xylose solutions from Eucalyptus globulus wood.xlsx,0.198948582471985,1.3246599127668048,1.8679564270937021,0.08374079565867021
707,178.90747864632382,398.15,8.0,0.2039359641072704,8.0,166.40747864632382,12.5,8.0,18.863636363636367,906.2858150131124,6.809354725402456,35.14984517231901,74.21398588163342,5,Generation of xylose solutions from Eucalyptus globulus wood.xlsx,1.8481835367332309,1.1565679642117885,4.022071433765234,0.5581020925709197
708,34.39519312053352,373.65,8.0,0.4078719282145407,8.0,24.95769312053352,9.4375,8.0,18.863636363636367,25.81821940680496,3.251080421259151,0.4380725853787852,82.6485051105854,5,Generation of xylose solutions from Eucalyptus globulus wood.xlsx,4.218617510755408,4.1337937597972285,0.9497718897088987,1.1819315959575647
709,26.25,448.15,6.0,0.0,8.0,7.5,18.75,8.0,18.863636363636367,1211.5414861018305,7.099648783254128,109.1905410978952,3.1425542168674694,10,MildAutohydrolysisAnEnvironmentallyFriendlyTechnologXyl.xlsx,26.996241513533512,25.566690800546798,10.77206911062779,0.5723037056980358
710,195.29,373.44,10.0,1.0195862518989796,0.5,120.0,75.29,1.0,19.77272727272727,122.38266812073972,4.8071527597312,2.058967395338894,49.15862068965519,13,PrehydrolysisOfEucalyptusWoodWithDiluteSulphuricAcidAtmostpheric.xlsx,21.581571625263514,20.683550052913994,0.22211636912610544,1.0590573804131722
711,31.75,448.15,8.0,0.0,8.0,13.0,18.75,8.0,18.863636363636367,2100.005242576505,7.6496951201734,189.263604569685,5.894939759036144,10,MildAutohydrolysisAnEnvironmentallyFriendlyTechnologXyl.xlsx,29.708580724983886,28.6030112355341,10.38611663795118,0.5033858802519644
712,50.0,403.15,10.0,0.6117517511393876,0.5,15.0,35.0,3.0,19.77272727272727,114.6573948061092,4.741948506186956,5.072233702694566,60.6896551724138,14,PrehydrolysisOfEucalyptusWoodWithDiluteSulphuricAcidAutoclave.xlsx,11.64358692824819,12.198357836880277,1.8710575314736602,1.287143838816668
713,82.64871303103641,398.15,8.0,0.10196798205363516,8.0,70.14871303103641,12.5,8.0,18.863636363636367,382.0428269126848,5.945532714659327,14.817341276583534,80.37999173490763,5,Generation of xylose solutions from Eucalyptus globulus wood.xlsx,8.574055561420579,8.87892812600738,2.246704444485374,0.3192312368607588
714,92.695442714279,398.15,8.0,0.10196798205363516,8.0,80.19544271427901,12.5,8.0,18.863636363636367,436.75916943083456,6.079381943483727,16.939487442890588,79.77609372869121,5,Generation of xylose solutions from Eucalyptus globulus wood.xlsx,7.797912376731077,8.030000876621529,2.3471397551131616,0.08271669611347932
715,120.0,403.15,8.0,1.2156946175120809,0.5,118.95,1.05,100.0,33.204545454545496,909.233140812446,6.812601541833713,40.22281326236792,24.09308692676246,9,KineticStuidesOfAcidHyrolysisOfMerantiWood.xlsx,10.899813404883652,11.894954429938153,14.285741632819438,6.117673189814688
716,190.3128848213086,373.65,8.0,0.10196798205363516,8.0,180.8753848213086,9.4375,8.0,18.863636363636367,187.11185957987283,5.231706617588014,3.174834592178826,89.79281653762196,5,Generation of xylose solutions from Eucalyptus globulus wood.xlsx,0.27356970812486736,1.4467075713417898,5.290555337162445,6.022400277856335
717,215.0,403.15,10.0,0.40783450075959177,0.5,180.0,35.0,3.0,19.77272727272727,1375.8887376733105,7.226855155974955,60.866804432334796,69.2873563218391,14,PrehydrolysisOfEucalyptusWoodWithDiluteSulphuricAcidAutoclave.xlsx,18.22571448338944,17.173768809235355,3.3068877226348548,0.5008287977898078
718,390.0,388.15,10.0,0.40783450075959177,0.5,360.0,30.0,3.0,19.77272727272727,995.3089425524034,6.903053183992529,28.61168999648861,65.74712643678164,14,PrehydrolysisOfEucalyptusWoodWithDiluteSulphuricAcidAutoclave.xlsx,5.080467701392621,4.95508157316047,1.5122465132626957,2.034695767808202
719,13.840430117827378,408.15,8.0,0.2039359641072704,8.0,0.090430117827378,13.75,8.0,18.863636363636367,0.970157791242158,-0.030296549330595394,0.048391779640263866,82.47675069790925,5,Generation of xylose solutions from Eucalyptus globulus wood.xlsx,40.62041537774262,38.70694113727488,19.04947781251567,0.3485082052334718
720,134.70563438849422,398.15,8.0,0.3059039461609055,8.0,122.2056343884942,12.5,8.0,18.863636363636367,665.5544201613777,6.50062040783733,25.813197597147106,75.23924491491474,5,Generation of xylose solutions from Eucalyptus globulus wood.xlsx,1.9072891677421921,1.5762243702176875,1.8721753297786847,0.4923224678977647
721,45.0,388.15,10.0,1.2235035022787752,0.5,15.0,30.0,3.0,19.77272727272727,41.47120593968347,3.7249993536445833,1.1921537498536923,49.411494252873574,14,PrehydrolysisOfEucalyptusWoodWithDiluteSulphuricAcidAutoclave.xlsx,13.265119407754284,13.338283039029562,3.977061345643911,2.51656818609127
722,315.375,373.525,10.0,1.3254621274686729,0.5,240.0,75.375,1.0,19.77272727272727,246.1799203542347,5.506062652155551,4.156015738994154,66.75862068965519,13,PrehydrolysisOfEucalyptusWoodWithDiluteSulphuricAcidAtmostpheric.xlsx,5.774434337359452,4.9484809919082124,0.1948959665563308,0.09806771113956358
723,427.8648737238531,373.65,8.0,0.10196798205363516,8.0,418.4273737238531,9.4375,8.0,18.863636363636367,432.8544985484892,6.0704016404655565,7.3444913564409235,83.45425644060047,5,Generation of xylose solutions from Eucalyptus globulus wood.xlsx,4.051766985136865,2.7168156771109153,1.0034300913915075,2.2984519944581194
724,35.714285714285715,443.15,15.0,0.0,0.325,15.0,20.714285714285715,7.0,25.4,1726.4333517162365,7.453812912966616,149.29511396263374,35.433070866141726,12,OptimizationOfHydrothermalCHEMPUP.xlsx,9.951050889040232,10.257939873477618,3.5466268699397325,17.29046031621497
725,120.0,483.15,4.0,0.0,10.35,60.0,60.0,3.083333333333333,20.47,103981.85386850759,11.551971680866167,10040.151784654354,0.2442598925256473,7,HemicelluloseRemovalFromHardwood.xlsx,77.69741669395903,45.831420449367876,28.509832581737008,3.4426783933019895
726,41.286894616734436,398.15,8.0,0.2039359641072704,8.0,28.786894616734447,12.5,8.0,18.863636363636367,156.77873651864326,5.05483548978336,6.080585422008812,81.90384837719485,5,Generation of xylose solutions from Eucalyptus globulus wood.xlsx,11.579462591386957,11.923203572698284,0.44383035611168964,1.3629471931128165
727,189.69544808512558,388.15,8.0,0.2039359641072704,8.0,178.44544808512558,11.25,8.0,18.863636363636367,493.3565284358226,6.201232094084423,14.182294005266984,74.51816919151132,5,Generation of xylose solutions from Eucalyptus globulus wood.xlsx,5.312033118849172,5.058807357549043,3.8048614717375955,1.5632440775316496
728,39.99285184637985,408.15,8.0,0.4078719282145407,8.0,26.242851846379857,13.75,8.0,18.863636363636367,281.5401305987358,5.640274997272468,14.043311389976184,77.70373494345333,5,Generation of xylose solutions from Eucalyptus globulus wood.xlsx,13.032289721645213,13.070110384268787,2.620037474302478,1.2503352852502019
729,165.0,418.15,8.0,0.0,8.0,150.0,15.0,8.0,18.863636363636367,3169.9869550078333,8.061482751723375,194.5129130844473,7.252048192771085,10,MildAutohydrolysisAnEnvironmentallyFriendlyTechnologXyl.xlsx,48.38282405030289,51.61475790350514,37.115137211233524,0.09220868512808522
730,46.49605124212902,388.15,8.0,0.3059039461609055,8.0,35.24605124212903,11.25,8.0,18.863636363636367,97.4464166415313,4.579302654025888,2.8012474770559668,81.24910985644529,5,Generation of xylose solutions from Eucalyptus globulus wood.xlsx,3.1862011694806256,3.5362124944855537,2.7345868326464853,0.5031255561523693
731,30.35011996048358,398.15,8.0,0.2039359641072704,8.0,17.85011996048358,12.5,8.0,18.863636363636367,97.21504494909952,4.576925482915624,3.770437230479483,81.78479189420578,5,Generation of xylose solutions from Eucalyptus globulus wood.xlsx,12.985939302448926,13.247523291289951,0.45238121557376587,0.7828921749675004
732,40.0,473.15,15.0,0.0,0.59,15.0,25.0,7.0,16.03409,13196.556694277528,9.487711218051363,1296.28175024842,48842.809289457655,11,OptimizationofHydrothermalACS.xlsx,48817.854983140365,48823.887851803614,48785.4917901288,48784.22492361293
733,157.7246848376746,373.65,8.0,0.3059039461609055,8.0,148.2871848376746,9.4375,8.0,18.863636363636367,153.40003801099238,5.033049136723167,2.6028267166622348,83.06189158138473,5,Generation of xylose solutions from Eucalyptus globulus wood.xlsx,7.587980203692624,6.669203288934625,0.12973135935276048,0.1080379230098032
734,40.0,403.15,8.0,1.2156946175120809,0.5,38.95,1.05,100.0,33.204545454545496,297.7270351798636,5.696177077401504,13.170900181330225,41.44010951403144,9,KineticStuidesOfAcidHyrolysisOfMerantiWood.xlsx,7.64597545157789,7.565647232132463,0.25462796867261517,1.8087656724787067
735,158.13101522162242,398.15,8.0,0.2039359641072704,8.0,145.63101522162242,12.5,8.0,18.863636363636367,793.1333639266745,6.675991383947076,30.76128356110241,74.98062010633497,5,Generation of xylose solutions from Eucalyptus globulus wood.xlsx,2.393300133577341,1.9218833334970071,2.979074794166891,0.6259396470830012
736,94.94796126631,373.65,8.0,0.4078719282145407,8.0,85.51046126630999,9.4375,8.0,18.863636363636367,88.4588106716609,4.482537027534751,1.5009315429495955,82.89681545790567,5,Generation of xylose solutions from Eucalyptus globulus wood.xlsx,7.556046629255988,6.935577011116536,1.2784651016110615,0.5518692344771381
737,46.875,433.15,8.0,0.0,8.0,30.0,16.875,8.0,18.863636363636367,1752.8424244965329,7.468993991831646,135.92430032716598,3.1807228915662646,2,EffectofEucalytpusGlobulusWoodAutohydrolysis.xlsx,43.31180832149381,43.24283705589097,31.329610266374726,0.5790025584668994
738,390.0,388.15,10.0,0.8156690015191835,0.5,360.0,30.0,3.0,19.77272727272727,995.3089425524034,6.903053183992529,28.61168999648861,62.20689655172415,14,PrehydrolysisOfEucalyptusWoodWithDiluteSulphuricAcidAutoclave.xlsx,0.8418898788119122,1.350335974666983,1.249185458908741,2.368092767123507
739,201.588715121512,373.65,8.0,0.2039359641072704,8.0,192.151215121512,9.4375,8.0,18.863636363636367,198.77647374427383,5.292180945892996,3.372754812931863,83.32504971589503,5,Generation of xylose solutions from Eucalyptus globulus wood.xlsx,6.77745242086479,5.682368620932905,0.836895668514984,0.5531927767807474
740,81.4800405953988,388.15,8.0,0.4078719282145407,8.0,70.23004059539879,11.25,8.0,18.863636363636367,194.1682984456076,5.2687253007481445,5.581667083212112,81.30198747036319,5,Generation of xylose solutions from Eucalyptus globulus wood.xlsx,0.885376217045291,1.2350025951328973,0.42372011073641147,1.311814130519437
741,85.32386436701721,398.15,8.0,0.3059039461609055,8.0,72.82386436701721,12.5,8.0,18.863636363636367,396.61219439865937,5.982958962962122,15.382406957748605,76.97546978516759,5,Generation of xylose solutions from Eucalyptus globulus wood.xlsx,3.9253026363404757,4.020115077711949,0.8399793350243812,1.2019670434456913
742,530.8973036010154,373.65,8.0,0.3059039461609055,8.0,521.4598036010154,9.4375,8.0,18.863636363636367,539.4394247969916,6.290530498129213,9.152979132781606,84.95536367507636,5,Generation of xylose solutions from Eucalyptus globulus wood.xlsx,2.2901216140194975,1.1463150780320035,0.5223154777011558,0.7487978181427621
743,65.0,403.15,10.0,0.6117517511393876,0.5,30.0,35.0,3.0,19.77272727272727,229.3147896122184,5.435095686746902,10.144467405389133,66.2528735632184,14,PrehydrolysisOfEucalyptusWoodWithDiluteSulphuricAcidAutoclave.xlsx,15.033343142317946,15.651632249167427,2.522479038848047,2.206782198500349
744,97.0597587831218,398.15,8.0,0.2039359641072704,8.0,84.5597587831218,12.5,8.0,18.863636363636367,460.5280395417295,6.132373743183112,17.861351263860616,79.02858342490224,5,Generation of xylose solutions from Eucalyptus globulus wood.xlsx,6.400744968315493,6.502938996541317,1.8378480285375787,0.32284154257801845
745,95.8372803704188,408.15,8.0,0.4078719282145407,8.0,82.0872803704188,13.75,8.0,18.863636363636367,880.6536641394347,6.780664431891202,43.9272852716689,64.22964934398372,5,Generation of xylose solutions from Eucalyptus globulus wood.xlsx,2.4391082497952397,3.15410789405297,2.365333643804192,0.3968437104388016
746,41.42857142857143,483.15,15.0,0.0,0.59,15.0,26.42857142857143,7.0,16.03409,25995.463467126898,10.165677319746278,2510.0379461635885,25.445784575239387,11,OptimizationofHydrothermalACS.xlsx,0.305503924467196,8.661174189256649,6.598373779412547,2.6641988689744807
747,555.58,373.73,10.0,2.039172503797959,0.5,480.0,75.58,1.0,19.77272727272727,499.25058187837067,6.213108137800244,8.498479949573621,93.56321839080464,13,PrehydrolysisOfEucalyptusWoodWithDiluteSulphuricAcidAtmostpheric.xlsx,19.690653469494293,19.91923544751654,3.727699225111351,3.8526394723476045
748,80.0,400.15,8.0,1.013078847926734,0.5,79.01163888888887,0.9883611111111108,103.20114667940756,33.204545454545496,492.80011417180674,6.2001036438990855,20.174252716352452,31.80287474332645,15,ProductionOfXyloseFromMerantiWood.xlsx,3.688956493599626,3.8184626617620125,8.273319144956368,3.2953003055016765
749,271.9037466246622,373.65,8.0,0.2039359641072704,8.0,262.4662466246622,9.4375,8.0,18.863636363636367,271.51592535052583,5.604020794561754,4.606966945151447,86.00140305100649,5,Generation of xylose solutions from Eucalyptus globulus wood.xlsx,3.7613016982613345,2.5874296896744227,1.8082027459064136,1.2050010734674288
750,63.22687893789375,373.65,8.0,0.2039359641072704,8.0,53.78937893789375,9.4375,8.0,18.863636363636367,55.644004454552224,4.018974335251814,0.9441438430804204,82.77227730362107,5,Generation of xylose solutions from Eucalyptus globulus wood.xlsx,5.342213662276862,4.7226012911427375,0.30046792836542124,1.0183263340742457
751,110.72209871518601,408.15,8.0,0.4078719282145407,8.0,96.97209871518601,13.75,8.0,18.863636363636367,1040.3418613390204,6.947304650947175,51.892583411612904,61.703388338217934,5,Generation of xylose solutions from Eucalyptus globulus wood.xlsx,4.944644300005152,5.927013355417827,2.840430609241963,0.5136567403175434
752,90.0,388.15,10.0,0.6117517511393876,0.5,60.0,30.0,3.0,19.77272727272727,165.88482375873392,5.111293714764473,4.768614999414769,57.14942528735633,14,PrehydrolysisOfEucalyptusWoodWithDiluteSulphuricAcidAutoclave.xlsx,6.227276665182465,5.360492848896946,0.4185866220350718,2.233764867672967
753,11.25,388.15,8.0,0.4078719282145407,8.0,0.0,11.25,8.0,18.863636363636367,0.0,0.0,0.0,82.65603663847762,5,Generation of xylose solutions from Eucalyptus globulus wood.xlsx,21.415467960283927,19.686350977235954,3.8554833912482422,1.2977444894520715
754,135.61149409671341,408.15,8.0,0.3059039461609055,8.0,121.86149409671341,13.75,8.0,18.863636363636367,1307.3617594529308,7.175766461441491,65.21162098028482,56.71011734972892,5,Generation of xylose solutions from Eucalyptus globulus wood.xlsx,9.10555037972263,10.463602388018785,5.281526760926489,2.650699605837488
755,38.10698427630695,408.15,8.0,0.10196798205363516,8.0,24.356984276306942,13.75,8.0,18.863636363636367,261.3080534952905,5.565699992929113,13.034128939767553,82.04959540323675,5,Generation of xylose solutions from Eucalyptus globulus wood.xlsx,19.377615873439126,19.710660207746415,8.440024937831126,0.41679053263128196
756,68.14019738467985,388.15,8.0,0.10196798205363516,8.0,56.89019738467986,11.25,8.0,18.863636363636367,157.28700611262002,5.05807220088372,4.52145747613752,82.91555695561102,5,Generation of xylose solutions from Eucalyptus globulus wood.xlsx,4.745718084083407,5.3716681663833725,0.6659398377613854,1.227759409224305
757,140.71428571428572,443.15,15.0,0.0,0.59,120.0,20.714285714285715,7.0,16.03409,13811.46681372989,9.533254454646453,1194.3609117010699,39.104183648713466,11,OptimizationofHydrothermalACS.xlsx,0.2289086586240643,2.7305538620036316,17.92880458514201,17.000388647429112
758,25.83012610274438,398.15,8.0,0.2039359641072704,8.0,13.330126102744384,12.5,8.0,18.863636363636367,72.5983248921736,4.2849418484540065,2.815689970489822,82.30448804953079,5,Generation of xylose solutions from Eucalyptus globulus wood.xlsx,14.516619246913692,14.69835364607303,0.19475831596176363,1.0624607668159456
759,61.127503023787106,408.15,8.0,0.10196798205363516,8.0,47.377503023787106,13.75,8.0,18.863636363636367,508.2781576804528,6.231028852214303,25.35307640104528,79.83029408859723,5,Generation of xylose solutions from Eucalyptus globulus wood.xlsx,15.548630905971521,15.666189187987385,9.149021587997836,0.1326652009535536
760,12.5,398.15,8.0,0.10196798205363516,8.0,0.0,12.5,8.0,18.863636363636367,0.0,0.0,0.0,83.69242879652326,5,Generation of xylose solutions from Eucalyptus globulus wood.xlsx,33.27203478835926,31.65070408458697,13.244272393420047,0.44130686021502186
761,126.950351559667,408.15,8.0,0.3059039461609055,8.0,113.200351559667,13.75,8.0,18.863636363636367,1214.4427727784434,7.1020406273472325,60.57679232855467,58.024175799341535,5,Generation of xylose solutions from Eucalyptus globulus wood.xlsx,7.897149561522497,9.088335754566671,5.054456467187734,2.5431650514885433
762,125.0,403.15,10.0,1.0195862518989796,0.5,90.0,35.0,3.0,19.77272727272727,687.9443688366553,6.533707975415012,30.433402216167398,69.2873563218391,14,PrehydrolysisOfEucalyptusWoodWithDiluteSulphuricAcidAutoclave.xlsx,13.734198353736943,13.410258272118767,0.20225861502544262,0.5420483994758172
763,275.0,403.15,10.0,1.2235035022787752,0.5,240.0,35.0,3.0,19.77272727272727,1834.5183168977476,7.514537228426738,81.15573924311306,45.31494252873565,14,PrehydrolysisOfEucalyptusWoodWithDiluteSulphuricAcidAutoclave.xlsx,9.196235085023012,11.967431567768607,10.35854194575996,0.7540767888913038
764,150.0,388.15,10.0,0.8156690015191835,0.5,120.0,30.0,3.0,19.77272727272727,331.76964751746783,5.804440895324419,9.537229998829538,63.21839080459771,14,PrehydrolysisOfEucalyptusWoodWithDiluteSulphuricAcidAutoclave.xlsx,2.3940488925763006,1.7928866430252057,0.5597699380846777,0.25990738265814883
765,80.0,403.15,8.0,1.2156946175120809,0.5,78.95,1.05,100.0,33.204545454545496,603.4800879961549,6.402713045786397,26.69685672184907,32.52566735112932,9,KineticStuidesOfAcidHyrolysisOfMerantiWood.xlsx,2.4652599125461734,2.9309367139902847,8.53726027987755,0.7907220538881106
766,41.19267551755173,373.65,8.0,0.2039359641072704,8.0,31.75517551755173,9.4375,8.0,18.863636363636367,32.850074918952515,3.4919540255658426,0.5573861242282,83.16483228216457,5,Generation of xylose solutions from Eucalyptus globulus wood.xlsx,3.327024724533686,2.940662350304521,0.28577391246831496,0.6713875054330884
767,20.0,403.15,8.0,0.8104630783413873,0.5,18.95,1.05,100.0,33.204545454545496,144.85050877171795,4.975702236613182,6.407921911070802,42.162902121834314,9,KineticStuidesOfAcidHyrolysisOfMerantiWood.xlsx,12.813103954361644,13.12767073969092,6.309754540681105,6.273703818611658
768,170.5869418132608,388.15,8.0,0.4078719282145407,8.0,159.3369418132608,11.25,8.0,18.863636363636367,440.52634184914007,6.087970243472832,12.663608844859894,77.9292423612609,5,Generation of xylose solutions from Eucalyptus globulus wood.xlsx,3.1923657291496426,3.054871844414336,0.9465121319815779,2.111249197198404
769,64.63605442176872,398.15,8.0,0.4078719282145407,8.0,52.13605442176872,12.5,8.0,18.863636363636367,283.9425665094318,5.6487719871092485,11.012571404411773,77.80602017333231,5,Generation of xylose solutions from Eucalyptus globulus wood.xlsx,4.750852307592652,4.871310658064445,1.2075959743427376,0.45401248047627973
770,0.0,403.15,8.0,0.8104630783413873,0.5,0.0,0.0,100.0,33.204545454545496,0.0,0.0,0.0,0.0,9,KineticStuidesOfAcidHyrolysisOfMerantiWood.xlsx,10.2318154911368,11.989047585273823,3.5480366542698825,0.8559298515319824
771,175.6189653510302,398.15,8.0,0.10196798205363516,8.0,163.11896535103017,12.5,8.0,18.863636363636367,888.3759651899505,6.789395037613278,34.45522054296352,78.45391081492821,5,Generation of xylose solutions from Eucalyptus globulus wood.xlsx,6.644004573485034,6.083574275112028,7.537185332877385,1.3729476801625822
772,101.09863945578199,398.15,8.0,0.4078719282145407,8.0,88.59863945578199,12.5,8.0,18.863636363636367,482.5245284732288,6.179031755700869,18.714474161150626,76.4076009978917,5,Generation of xylose solutions from Eucalyptus globulus wood.xlsx,2.548146171637839,2.426058866145553,0.8643174771602844,0.4253686676356381
773,435.375,373.525,10.0,1.3254621274686729,0.5,360.0,75.375,1.0,19.77272727272727,369.269880531352,5.911527760263715,6.23402360849123,70.80459770114943,13,PrehydrolysisOfEucalyptusWoodWithDiluteSulphuricAcidAtmostpheric.xlsx,0.6426980052763156,0.26022076586112064,0.08565701167718487,0.30800041111037046
774,375.0,418.15,8.0,0.0,8.0,360.0,15.0,8.0,18.863636363636367,7607.968692018799,8.936951489077273,466.83099140267336,29.64433734939759,10,MildAutohydrolysisAnEnvironmentallyFriendlyTechnologXyl.xlsx,17.48692513908982,27.662712346646558,6.455923256455279,3.7239411540203804
775,18.75,448.15,6.0,0.0,8.0,0.0,18.75,8.0,18.863636363636367,0.0,0.0,0.0,0.4834698795180722,10,MildAutohydrolysisAnEnvironmentallyFriendlyTechnologXyl.xlsx,0.9820032432294744,2.8933738251572017,9.663388409050253,1.5330723167557316
776,42.988560526231716,408.15,8.0,0.2039359641072704,8.0,29.23856052623172,13.75,8.0,18.863636363636367,313.6788713841663,5.748369759992926,15.646402017133674,79.75102940740807,5,Generation of xylose solutions from Eucalyptus globulus wood.xlsx,15.974632459074357,16.18641089634241,5.816848961069766,0.5512384528182253
777,42.85714285714286,493.15,15.0,0.0,0.59,15.0,27.857142857142854,7.0,16.03409,51207.609418581415,10.843643421441193,4731.757532415202,3.3678244290758013,11,OptimizationofHydrothermalACS.xlsx,16.176081768952912,13.505490237699805,4.7936020629498355,2.9895879091810347
778,60.0,394.15,8.0,0.8104630783413873,0.5,59.06977777777778,0.9302222222222222,103.20114667940756,33.204545454545496,245.29172901396325,5.5024482328564535,8.489789996824516,38.30800821355231,15,ProductionOfXyloseFromMerantiWood.xlsx,0.4178528408790214,0.8379477318776125,1.146856725778413,1.5801334185277653
779,237.8184587352558,388.15,8.0,0.2039359641072704,8.0,226.5684587352558,11.25,8.0,18.863636363636367,626.4044807764312,6.4399962978700875,18.006962511987116,67.35514713007498,5,Generation of xylose solutions from Eucalyptus globulus wood.xlsx,12.035437850322126,11.995725281493122,8.576283164646469,4.874558680471893
780,210.98565481548096,373.65,8.0,0.2039359641072704,8.0,201.54815481548096,9.4375,8.0,18.863636363636367,208.49741428151447,5.339926639634449,3.5376956047953025,83.26065757583609,5,Generation of xylose solutions from Eucalyptus globulus wood.xlsx,6.820887267576538,5.712324669579033,0.9109548648434895,0.8906867234803144
